,0,10,20,30,40,50,60,70,80,90,100,110,120,130,140,150,160,170
Nd+ Cs3 Cs3 Car,3,2,0,11,32,55,53,30,19,20,7,7,13,14,31,62,80,166
Nd+ Cs3 Cs2 .=O,644,384,343,214,175,120,54,28,30,31,17,30,59,101,172,259,384,611
Cs3 Cs3 Car Car,310,254,284,361,473,775,1093,1363,1310,1357,1408,1160,773,513,352,277,289,337
Cs3 Cs3 Cs2 .=O,411,340,421,457,674,902,998,1127,1053,903,794,625,610,408,274,265,217,216
Cs3 Car Car Car,2250,45,1,0,0,0,0,0,1,0,0,0,0,2,9,13,258,31089
Car Cs3 Cs3 Cs2,2,5,24,31,58,160,161,71,33,22,11,16,16,18,22,55,167,269
Car Car Car Car,426061,2965,1995,2799,2809,2633,1515,965,823,841,1005,1485,2557,2729,2577,1859,2347,78991
Car Car Car Nd0,7546,233,94,47,50,23,15,7,1,2,7,18,30,46,52,80,406,23908
Car Car Nd0 Cs2,830,531,430,391,258,214,170,122,115,109,116,164,190,235,323,410,514,782
Car Nd0 Cs2 Cs3,27,3,0,0,2,0,2,0,1,0,4,1,3,1,8,22,100,694
Car Nd0 Cs2 .=O,2862,415,72,35,12,8,3,6,2,1,1,3,4,2,7,7,10,101
Nd0 Cs2 Cs3 Cs3,28,15,27,34,32,42,76,132,196,305,361,375,278,256,185,143,101,101
Nd0 Cs2 Cs3 Hal,2,0,2,0,0,0,0,0,2,2,3,7,0,6,3,3,0,0
Hal Cs3 Cs2 .=O,0,0,3,2,7,1,6,2,2,2,0,0,0,0,0,1,1,2
Car Car Nac Car,38066,249,143,218,301,228,279,286,298,289,278,261,190,260,213,111,230,13501
Car Car Nac C3r,1364,566,418,332,285,241,215,191,152,168,168,193,213,261,339,467,625,4171
Car Car Car Nac,33763,829,532,356,413,346,222,125,134,139,122,234,340,397,494,559,906,29871
Car Nac C3r C3r,141,185,255,480,708,505,476,545,537,454,585,592,627,932,998,852,1013,773
Nac Car Car Nac,10407,177,77,93,27,15,7,7,3,5,1,15,5,23,27,35,163,11385
Nac C3r C3r C3r,424,401,701,683,675,1266,329,171,294,313,346,242,239,215,405,890,480,794
C3r C3r C3r C3r,10595,3331,5117,5351,6445,21767,8203,1603,1027,935,701,549,323,463,697,667,1235,2741
C3r C3r Nac C3r,928,765,755,801,1169,2069,1069,254,84,64,21,33,25,24,34,24,61,35
C3r Nac Car Nac,2518,328,198,102,54,36,17,11,9,14,20,42,58,75,88,162,292,2549
Nac Car Nac Car,19689,135,41,14,15,6,1,0,0,3,11,42,32,28,35,31,119,8515
Nac Car Car Cs3,490,7,0,1,0,0,0,0,0,0,0,0,0,0,0,0,11,2186
C2r C2r C3r O_d,2,2,2,0,0,2,25,18,0,13,8,7,12,20,32,39,13,12
C2r C2r C3r C3r,191,262,299,197,119,111,64,65,45,67,89,82,82,129,124,59,54,47
C2r C3r C3r C3r,98,129,194,212,446,604,323,238,123,77,70,60,36,36,64,124,179,369
C2r C3r C3r O_a,13,8,20,28,35,49,32,13,9,10,9,9,1,8,5,10,15,35
C2r C3r Car Car,229,35,22,30,35,38,53,46,44,45,44,51,39,30,30,22,45,228
C2r C2r C3r Car,37,12,2,0,3,2,9,13,21,20,26,22,31,16,8,13,1,11
C3r C2r C2r C3r,681,111,63,39,29,13,5,7,0,0,1,3,3,3,9,15,63,323
C3r C3r C3r O_a,1380,1149,1292,1895,1100,1922,1077,471,432,213,309,186,172,228,146,186,348,1005
C3r C3r C3r Car,111,106,240,344,390,293,142,107,139,122,448,295,116,76,105,126,251,827
C3r C3r O_a Car,31,31,34,65,124,111,51,68,78,73,46,37,31,37,54,55,114,109
C3r C3r C3r O_d,2,3,11,41,91,352,555,639,841,612,256,293,253,428,838,722,662,2824
C3r C3r Car Car,685,982,763,530,373,419,465,409,398,395,413,466,453,365,476,674,961,627
C3r O_a Car Car,544,393,195,87,67,38,40,27,27,32,33,39,38,67,85,200,409,563
C3r C3r C3r Nd+,439,439,567,459,543,1506,584,145,70,95,123,83,77,64,69,111,274,1256
C3r Car Car O_a,323,6,1,0,0,0,0,0,0,0,0,0,0,0,0,0,0,20
C3r Car Car Car,836,27,2,0,5,0,0,0,0,0,0,0,0,1,4,21,129,9422
C3r Car Car C3r,1523,377,173,99,37,33,17,29,9,9,13,1,3,7,0,1,3,3
O_a C3r C3r Car,31,17,20,13,16,17,10,11,17,9,13,13,19,2,0,5,6,26
O_a Car Car Car,2374,97,56,32,20,6,5,0,2,0,1,2,12,22,47,90,225,18852
O_a Car Car O_a,2703,31,1,5,1,0,0,0,0,0,0,0,0,0,0,0,0,7
Car Car O_a Cs3,2139,1082,638,472,311,233,236,374,525,565,367,240,251,310,426,705,1155,2298
Car Car C3r Nd+,98,107,65,55,67,72,45,25,14,11,31,36,69,56,54,63,81,94
C3r Nd+ C3r C3r,458,466,515,621,1039,2689,1793,361,105,98,51,54,42,70,77,116,229,358
C3r Nd+ C3r Car,9,12,22,50,69,35,21,19,11,5,5,9,7,3,6,22,30,47
C3r C3r Nd+ Cs3,12,15,18,31,55,133,293,250,199,124,101,123,135,172,236,392,908,2727
Car C3r Nd+ Cs3,0,0,0,2,9,23,32,9,8,0,2,2,4,4,10,22,30,35
Nd+ Cs3 Cs3 Cs3,28,32,46,80,137,487,329,201,180,100,57,62,64,83,123,151,255,414
Cs3 Cs3 Cs3 Sul,3,4,1,4,10,33,84,36,18,13,8,13,17,25,28,82,289,600
Cs3 Cs3 Sul Cs3,8,6,6,3,18,30,32,66,116,206,151,105,122,123,62,52,84,154
Cs3 Cs3 Cs3 Cs2,30,17,31,47,155,456,727,493,285,188,117,103,121,149,196,300,544,1069
Cs3 Sul Cs3 C3r,3,3,3,18,30,56,133,315,275,120,74,43,20,18,69,20,14,16
Sul Cs3 C3r O_a,1,0,1,2,32,59,133,98,30,3,2,3,9,9,14,68,209,539
Sul Cs3 C3r C3r,6,3,3,15,47,236,393,194,60,11,6,5,2,3,12,60,123,132
Cs3 C3r O_a C3r,0,6,16,24,35,62,52,60,82,94,179,376,486,489,288,238,292,712
Cs3 C3r C3r O_d,11,9,18,37,104,387,417,160,355,179,155,277,481,273,171,111,36,54
Cs3 C3r C3r C3r,21,18,11,25,74,265,579,451,346,394,863,726,426,365,484,732,823,2640
C3r O_a C3r C3r,1342,1425,1377,1372,940,1700,1834,258,135,111,123,121,129,123,128,178,157,256
C3r O_a C3r Nac,8,3,2,4,2,0,3,45,132,59,173,250,148,129,213,578,467,115
O_a C3r C3r O_d,4,3,4,23,82,390,475,159,345,407,318,563,379,238,414,944,620,992
O_a C3r Nac Car,157,248,154,170,120,203,414,509,327,376,523,351,190,111,179,162,246,147
O_d C3r C3r O_d,393,535,1297,1299,675,697,1157,179,43,27,13,13,11,9,5,5,9,15
O_d C3r C3r Nac,1,2,6,5,21,72,132,390,702,225,82,86,88,68,225,205,71,40
Nac Car Car Nd0,3311,56,5,2,1,0,0,0,0,0,0,0,0,1,5,1,19,1756
Nd0 Car Nac Car,2041,12,0,0,0,0,0,0,0,0,0,1,0,0,1,9,70,10624
Cs2 Nd0 C3r C3r,8,4,10,19,20,70,142,176,156,191,178,244,245,206,253,180,148,122
Nd+ Cs3 Cs2 Nd0,15,14,7,4,7,3,2,3,7,7,11,21,29,38,35,44,20,26
.=O Cs2 Nd0 C3r,1150,139,17,9,12,3,2,3,5,0,1,0,0,0,0,4,1,32
Nac C3r C3r Nd0,16,6,5,10,36,36,15,12,14,17,20,14,24,14,5,7,8,14
Cs3 Cs2 Nd0 C3r,15,0,0,0,0,0,0,0,0,4,2,0,1,5,2,9,50,561
Cs3 Cs3 Cs3 Cs3,55,71,91,195,335,925,1481,1319,631,583,495,491,577,649,855,1447,2417,4315
Nd0 C3r C3r O_a,6,7,3,6,18,42,73,22,10,6,12,17,7,16,17,46,72,228
Nd0 C3r C3r O_d,7,5,39,60,70,187,97,35,19,7,1,2,3,3,1,2,0,5
Nd0 C3r C3r C3r,15,25,25,28,78,138,174,106,95,89,359,178,90,95,124,224,323,1281
C3r C3r Cs3 O_d,10,16,24,42,169,396,269,120,52,18,31,17,23,26,43,52,136,369
O_a C3r Cs3 O_d,15,17,21,33,100,274,395,205,51,32,13,13,11,13,8,16,16,42
Cs3 Cs3 O_a Cs2,8,7,12,14,43,93,111,60,44,35,22,38,38,31,33,46,76,162
Cs3 O_a Cs2 Nd0,1,0,1,0,0,2,2,3,7,8,7,18,8,18,39,36,63,179
Cs3 O_a Cs2 .=O,571,186,109,87,49,27,41,27,19,22,8,13,5,4,2,10,0,16
Cs2 Nd0 Cs3 Cs3,12,14,28,21,69,159,191,221,372,432,650,699,683,430,283,266,246,398
Cs3 Nd0 Cs2 O_a,16,4,1,1,0,3,1,0,2,2,2,8,3,7,10,26,59,406
Cs3 Nd0 Cs2 .=O,4570,544,138,43,33,31,24,13,11,16,8,7,8,7,6,7,13,113
Cs3 Cs3 Cs3 Car,10,9,16,20,66,114,165,148,60,55,46,43,26,42,67,112,303,840
Cs3 Sul Cs3 Cs2,2,0,1,2,1,1,4,1,0,5,0,4,1,0,0,0,0,2
Cs3 Cs2 Nd0 Cs3,51,3,2,2,2,1,2,1,1,3,6,5,4,9,9,30,129,1646
Car Cs3 Cs3 Sul,1,0,0,0,1,4,1,4,3,1,2,1,2,1,2,5,3,6
Car Cs3 Cs3 Nd0,11,7,21,58,146,462,246,104,32,15,8,12,6,12,13,28,64,173
Nd0 Cs3 Cs3 Sul,3,0,4,8,15,28,26,17,9,5,3,1,1,1,6,2,8,14
Nd0 Cs2 Cs3 Sul,2,5,1,0,2,4,8,11,9,8,5,4,5,3,3,5,4,4
.=O Cs2 Cs3 Sul,31,24,10,14,9,9,7,7,13,16,12,14,8,7,1,0,9,10
Nac Nac Car Car,4978,74,52,89,143,116,78,59,54,59,60,77,109,150,88,54,62,1973
Car Nac Car Cs3,205,10,0,0,1,1,0,0,0,0,0,0,0,0,1,5,23,3767
Car Car Nac Cs3,1912,290,164,170,102,105,80,104,128,141,97,95,97,118,176,178,359,4919
Cs3 Nac Nac Car,16,2,0,1,0,1,0,0,0,0,0,1,1,0,0,0,16,1048
Nac Car Cs3 Nd+,8,2,10,10,10,8,15,14,29,21,8,8,9,12,6,3,2,2
Car Cs3 Nd+ Cs3,4,3,3,15,35,70,119,99,54,42,13,18,15,29,27,76,91,138
Car Car Cs3 Nd+,49,46,84,69,125,169,222,284,335,343,297,221,183,141,73,98,48,56
Car Nac Nac Car,5547,31,9,1,1,1,5,0,0,0,0,0,1,0,5,11,69,2143
Car Car Cs3 Nd0,188,175,169,143,191,202,234,164,152,145,194,215,210,181,149,188,208,180
Car Car Cs3 O_a,81,89,95,85,137,117,90,59,103,88,60,104,126,110,87,87,78,72
Cs3 O_a Cs3 Car,3,0,1,4,4,13,36,46,24,15,7,10,9,10,11,17,27,29
Cs3 Car Car O_a,882,16,0,0,0,1,0,0,0,0,0,0,0,0,0,0,0,138
Cs3 Nd0 Cs2 Nd0,31,0,0,0,1,0,0,0,0,0,0,0,0,0,0,7,44,314
Cs2 Nd0 Cs3 Car,1,0,0,1,4,13,48,140,208,200,165,115,65,46,50,41,39,28
Cs2 Nd0 Car Nac,72,30,19,19,10,6,5,1,2,8,9,10,6,33,64,86,156,323
Nd0 Cs2 Nd0 Car,41,14,1,0,0,0,0,0,0,0,0,0,0,0,1,16,70,644
Nd0 Cs3 Cs3 O_d,9,4,7,14,40,133,338,138,28,9,7,7,4,6,8,13,36,183
Nd0 Cs3 Cs3 Cs3,25,22,42,67,182,502,472,245,116,87,81,68,70,64,76,108,383,619
Cs3 Cs3 Nd+ Cs3,25,36,37,46,89,161,192,183,136,120,109,106,102,133,132,217,267,355
O_d Cs3 Cs3 Cs3,38,20,35,84,290,659,492,213,106,53,32,29,28,25,30,85,166,259
O_d Cs3 Cs3 Nd+,3,11,22,37,67,113,51,23,20,12,10,5,3,10,15,46,19,7
Cs3 Nd+ Cs3 Cs2,6,5,2,6,20,45,88,43,25,28,22,7,10,12,20,14,16,22
Cs2 Nd0 Cs3 Cs2,3,1,2,11,35,96,134,128,111,121,132,206,212,215,177,173,78,72
Nd0 Cs3 Cs2 .=O,233,247,282,311,256,187,92,121,88,56,50,49,60,97,174,234,191,216
Nd0 Cs3 Cs2 Nd0,28,25,35,26,19,10,25,18,38,64,69,56,105,127,106,70,37,23
Car Car Cs2 Nac,85,41,63,87,92,182,166,162,120,109,163,169,170,114,78,66,52,83
Car Car Cs2 .=O,2392,1549,1212,874,720,632,460,374,281,283,377,466,635,723,871,1217,1478,2304
Car Car Car Cs2,641,32,5,2,0,2,4,7,0,0,0,1,1,2,4,20,153,14258
Cs2 Car Car Cs3,615,163,45,32,7,1,3,0,1,0,0,0,0,0,0,0,0,2
Cs2 Nac C3r C3r,3,3,5,5,5,15,25,18,41,81,180,469,569,429,313,415,433,565
Car Cs2 Nac C3r,408,82,29,18,9,5,3,2,2,3,0,4,6,6,8,17,65,491
C3r Nac Cs2 .=O,1594,184,65,33,13,17,13,6,7,4,5,14,18,28,44,83,194,1415
Nac Nac Car Nd0,132,5,0,0,0,0,0,0,0,0,0,0,0,0,0,0,2,544
Nac C3r C3r Nac,67,43,65,131,319,681,163,13,3,5,1,11,31,19,11,13,7,43
Nd0 Nd0 Car Car,14,6,2,0,0,1,0,0,0,0,0,0,0,0,1,3,2,15
Car Nd0 Nd0 Car,11,0,0,0,0,0,0,1,1,1,0,0,0,0,0,0,5,7
Car Car Car O_d,385,18,0,0,0,0,0,0,0,0,0,0,0,0,0,2,38,5295
O_d Car Car O_a,164,2,0,0,0,0,0,0,0,0,0,0,0,0,0,0,0,2
SO2 Car Car Car,161,5,3,0,0,0,0,0,0,0,0,0,0,0,0,2,71,5247
Nd0 SO2 Car Car,136,74,78,116,207,215,234,212,173,163,214,220,205,204,124,70,81,127
.=O SO2 Car Car,658,765,1049,816,572,493,439,350,243,253,352,449,488,571,767,1051,820,692
Nd0 Cs2 Nd0 SO2,3,0,0,0,0,0,0,0,0,0,0,0,0,0,0,0,1,67
Cs2 Nd0 SO2 .=O,6,6,17,39,45,59,54,21,7,2,1,1,1,4,8,39,53,75
Cs2 Nd0 SO2 Car,3,3,4,21,20,26,23,21,8,0,0,0,0,0,0,0,0,2
.=O Cs2 Nd0 SO2,191,19,1,0,0,0,0,0,0,0,0,0,0,0,0,0,1,3
Car Car C2r Nac,537,76,48,106,59,12,18,6,1,0,7,17,13,59,103,60,65,538
Car Car C2r .=O,1068,141,75,73,35,17,10,9,2,5,8,10,13,40,81,82,124,1125
Car C3r C2r Nac,43,6,2,0,0,0,2,7,1,0,5,31,15,4,0,2,1,17
Car Car Nd0 Car,6492,456,344,233,196,170,116,80,75,76,96,114,158,179,244,342,521,3182
Car C2r Nac C2r,225,12,0,0,0,0,0,0,0,0,0,0,0,0,0,0,0,22
Nac Car Car C2r,166,7,0,0,0,0,0,0,0,0,0,0,0,0,0,0,11,242
Nac Car Nd0 Car,2591,337,106,50,5,10,6,4,8,0,3,3,8,7,31,108,253,1234
Nac Car C3r C2r,10,3,0,0,0,1,0,0,0,0,0,0,0,0,0,0,0,7
Car Nac Car C3r,299,23,3,0,0,0,0,0,0,0,0,0,0,1,0,0,10,793
C3r Car Car C2r,482,98,25,13,11,4,1,0,0,0,0,0,0,0,0,0,0,0
C3r C2r Nac C2r,194,20,6,0,0,0,0,0,0,0,0,0,2,0,4,2,16,28
C2r Nac C2r .=O,27,11,5,0,1,2,0,0,0,0,0,0,0,0,0,10,36,475
C2r Car Car Nd0,202,7,0,0,0,0,0,0,0,0,0,0,0,0,0,0,3,139
.=O Car Nd0 Car,1,0,0,0,0,0,0,0,0,0,0,0,3,6,8,27,136,1744
.=O Car Car Car,1154,40,6,2,0,0,0,0,0,0,0,0,1,2,3,14,58,2982
Car Nd0 Car Cs3,0,0,0,0,0,0,0,0,2,0,0,1,1,12,25,35,91,316
Nac Car Cs3 Cs3,71,78,51,63,84,135,173,194,174,136,172,110,110,83,64,55,60,68
Nd0 Car Cs3 Cs3,12,6,2,13,8,15,18,38,11,16,18,13,12,17,11,8,2,20
.=O Car Car O_a,36,9,5,5,0,2,4,0,0,0,0,1,0,0,0,0,0,0
Car Car O_a Car,1559,186,148,107,127,107,154,197,225,221,186,174,108,124,133,142,210,1014
O_a Car Car Nac,572,32,12,1,2,0,1,0,0,0,0,1,0,2,0,7,27,565
Cs3 Car Nac Cs3,432,50,13,7,1,1,0,1,0,0,0,0,0,0,0,0,0,0
Car Car Nd0 SO2,88,46,56,39,49,54,60,48,56,51,50,51,50,44,52,56,46,87
Car Nd0 SO2 Cs3,2,1,0,2,14,21,30,42,32,5,8,3,1,3,0,1,2,5
Car Nd0 SO2 .=O,16,29,34,91,125,117,81,43,15,8,13,10,7,21,29,75,162,232
Nd0 SO2 Cs3 Cs3,1,0,0,7,10,46,24,16,13,4,5,3,3,1,2,7,22,33
Cs3 Cs3 SO2 .=O,13,23,17,48,86,174,163,70,21,16,10,13,11,12,17,43,75,182
Nd0 Cs3 Cs3 SO2,2,4,0,8,1,1,0,0,0,0,0,0,1,0,0,0,4,1
SO2 Nd0 Cs3 Car,0,0,0,3,12,11,9,7,3,5,5,5,0,4,2,7,3,7
Hal Car Car Car,558,13,1,0,0,0,0,0,0,0,0,0,0,0,0,2,36,10684
Nd0 Cs3 Car Nac,18,31,31,18,19,15,19,12,6,9,7,19,10,27,23,18,14,19
.=O SO2 Nd0 Cs3,18,22,53,80,84,72,59,20,16,14,7,8,12,16,25,65,115,134
Car SO2 Nd0 Cs3,1,1,4,20,29,53,49,45,23,11,5,10,2,3,4,4,0,2
Car Car Car C2r,477,18,0,0,0,0,1,0,0,0,0,0,0,1,3,19,63,4098
Car Nac C2r Car,61,6,0,0,0,0,0,0,0,0,0,0,0,0,0,0,10,76
Car Nac C2r .=O,350,58,7,9,2,2,0,0,0,0,0,0,0,0,2,3,22,253
C2r Nac Car Car,255,73,54,65,90,64,74,49,93,97,53,66,73,76,69,43,70,236
Cs3 Nac C2r Car,2,0,0,0,0,0,0,0,0,0,0,0,0,0,0,0,24,273
Cs3 Nac C2r .=O,799,119,37,12,10,0,2,1,0,0,0,0,0,0,1,0,0,39
Car SO2 Nd0 Car,5,2,6,5,34,61,86,59,40,13,9,1,1,0,0,1,1,1
O_a Car Car SO2,53,0,0,0,0,0,0,0,0,0,0,0,0,0,0,0,0,5
C3r Nd+ Cs3 Car,13,11,6,28,60,168,198,153,86,35,26,25,29,39,44,95,122,229
C3r C3r Nac Cs3,10,8,19,21,49,71,84,76,49,31,46,53,74,39,70,68,144,133
C3r Nac Cs2 O_a,43,15,7,1,0,2,2,1,0,1,1,0,2,1,0,4,21,49
Nac Cs2 O_a Car,0,0,0,0,0,0,0,0,0,0,0,0,0,2,0,0,1,2
Cs2 O_a Car Car,1,1,1,1,2,1,4,13,12,13,12,3,2,3,1,0,1,1
O_a Cs2 Nac Cs3,10,0,0,0,0,0,0,0,0,0,0,0,0,0,0,0,1,5
Car O_a Cs2 .=O,20,3,3,2,0,0,1,0,0,0,0,0,0,0,0,0,0,1
Cs3 Nac Cs2 .=O,451,47,23,10,5,1,5,0,4,3,0,0,3,5,6,18,60,396
Nac Car Nac Nac,1541,9,9,5,3,3,0,0,3,0,0,2,1,1,3,8,26,869
Nac Car Nd0 Cs3,396,148,47,12,3,6,6,3,10,6,5,4,5,6,8,37,105,268
Car Nd0 Car Nd0,240,1,0,0,0,0,0,0,0,0,0,0,0,0,2,1,12,638
Nd0 Car Nd0 Cs3,11,3,1,1,0,0,0,0,5,1,0,0,0,0,1,4,12,44
Car Nd0 Cs3 Cs3,3,3,7,4,14,17,44,79,91,101,63,41,40,57,61,82,84,116
Car Nd0 Cs3 Cs2,0,0,0,0,0,4,18,11,17,4,4,3,0,2,1,5,14,6
.=O Car Car Cs3,92,42,24,12,6,10,12,2,0,3,0,2,0,0,1,0,0,1
.=O Car Nac Car,268,8,1,0,0,0,0,0,0,0,0,0,0,0,0,1,19,1786
.=O Car Nac O_d,16,2,2,0,0,0,0,0,1,0,0,0,0,0,0,1,0,1
Car Car Nac O_d,10,0,0,0,0,0,0,0,0,0,0,1,0,0,0,0,0,76
Car Car Cs3 C3r,8,11,9,10,25,34,71,124,137,140,102,73,37,31,9,14,13,10
Cs3 Car Car Cs3,1575,97,25,9,0,1,1,0,0,1,0,3,0,0,0,0,0,1
Car Cs3 C3r C3r,2,6,2,6,39,95,91,40,11,9,7,3,8,10,13,39,76,160
Car Nac Cs3 O_a,4,0,1,2,8,4,13,7,3,6,12,6,5,6,3,0,3,1
C3r Cs3 Car Nac,0,0,0,2,8,1,1,7,10,31,19,22,8,0,5,2,1,0
Nac Cs3 O_a Cs3,0,0,0,4,5,2,3,3,4,0,3,0,0,5,2,0,2,0
Nac Car Nac O_d,11,0,0,0,0,0,0,0,0,0,0,0,0,0,0,0,0,1
Cs3 Nac Car Nac,646,94,36,19,5,6,3,8,2,6,1,7,7,1,3,24,75,1431
Cs3 Nac Car .=O,621,225,118,54,40,19,6,11,5,6,2,4,0,1,1,1,0,1
O_d Cs3 Car Car,112,78,62,44,36,33,36,41,39,35,43,39,37,35,52,59,83,116
Car Car Nac .=O,522,196,136,94,58,45,31,36,20,21,33,33,42,60,96,133,200,579
.=O Cs2 C3r O_d,16,11,9,7,3,1,15,16,27,30,15,15,4,4,5,5,7,12
.=O Cs2 C3r C3r,162,165,201,298,226,207,228,270,256,219,215,143,122,114,125,99,88,72
Cs2 C3r C3r Cs3,12,5,17,36,27,23,9,8,22,11,0,0,5,2,11,13,13,12
Cs2 C3r C3r O_a,1,1,4,2,0,0,2,2,2,6,1,0,4,1,0,2,0,2
Cs2 C3r C3r Nac,0,0,1,0,0,5,13,5,3,2,2,7,16,5,10,11,19,25
Cs2 C3r C3r C3r,9,0,1,1,2,28,95,158,108,118,452,152,68,113,198,131,174,539
O_a Cs2 C3r O_d,0,0,0,0,0,0,0,0,0,0,0,0,0,0,0,2,2,0
O_a Cs2 C3r C3r,1,3,4,4,1,6,3,5,5,6,6,9,20,16,8,6,2,1
Cs3 O_a Cs2 C3r,0,0,0,0,1,0,0,1,0,0,1,2,0,5,8,14,26,62
Cs3 C3r Nac Car,1,4,24,81,30,19,61,57,55,65,47,15,7,11,59,55,12,5
Car Car C2r Nd0,247,43,46,34,21,10,1,3,0,0,1,3,9,16,29,47,41,250
Car C2r Nd0 C3r,185,22,8,0,0,0,0,0,0,0,0,0,0,0,1,4,3,54
Car Car C3r Nd0,174,24,55,66,66,40,23,19,24,20,29,15,36,67,80,43,33,165
C2r Nd0 C3r Car,139,3,0,0,1,1,0,0,14,8,14,18,24,3,1,7,3,6
.=O C2r Nd0 C3r,239,22,6,1,0,0,0,0,0,0,1,2,0,1,5,18,55,544
Car Car Cs2 Nd0,1154,885,711,484,342,196,127,84,64,55,88,106,197,330,525,711,934,1236
Car Car Sul Car,3297,49,42,35,26,10,29,31,30,34,30,31,15,23,35,31,41,1016
Car Nac Car Sul,1091,10,2,14,7,1,0,0,0,0,0,0,0,19,7,2,0,757
Car Cs2 Nd0 Car,16,2,5,3,0,0,0,0,0,0,1,0,0,0,8,24,144,1060
Car Sul Car Nd0,17,0,0,0,0,0,0,0,0,0,0,0,0,0,0,2,3,700
Car Sul Car Nac,1293,20,2,1,0,0,8,14,5,6,17,4,0,0,3,7,12,326
Cs2 Car Car Nac,231,6,2,0,0,0,0,0,0,0,0,0,0,0,0,0,15,1396
Cs2 Car Sul Car,0,0,0,0,0,0,0,0,0,0,0,6,0,3,12,20,49,342
Nd+ C3r C3r Nac,45,35,41,82,298,704,156,26,23,22,5,15,18,9,10,16,13,43
Cs3 Car Car Nd0,730,22,2,0,0,0,0,0,0,0,0,0,0,0,0,0,12,946
Car Nd0 Car Sul,93,18,15,1,0,0,0,0,0,0,0,0,0,0,0,2,1,108
Cs3 Cs3 Nd+ C3r,15,21,30,27,65,118,193,179,157,85,65,84,67,82,104,194,209,213
Nac Car Car Sul,1207,44,15,6,9,4,0,1,1,0,0,0,4,4,5,8,16,268
Sul Car Cs2 Nd0,38,11,2,6,2,3,0,0,0,0,0,1,2,2,7,11,53,108
Sul Car Cs2 .=O,157,69,27,13,9,3,4,2,0,0,2,0,1,4,4,12,31,97
Nd0 Car Car Hal,444,16,0,0,0,0,0,0,0,0,0,0,0,0,0,0,0,104
Nac Car Cs3 Nac,9,9,10,17,16,10,22,14,32,16,27,14,9,9,22,27,52,33
Car Cs3 Nac Cs3,4,2,2,11,21,29,55,53,41,53,63,59,28,11,1,3,7,14
Car Cs3 Nac Car,16,5,8,16,31,91,160,193,306,287,167,109,57,31,13,9,7,15
Car Car Cs3 Nac,164,154,134,137,145,138,136,160,163,185,164,150,137,143,140,125,135,138
Car Cs2 Nd0 Cs3,22,2,0,1,2,3,1,2,8,2,2,12,9,14,18,56,229,1687
Car Cs3 Cs3 Car,1,5,0,3,17,59,87,67,61,23,15,23,11,9,27,49,161,231
Car Nd0 Cs2 O_a,4,0,0,1,0,0,0,0,0,0,0,0,0,1,0,3,11,71
C3r C3r Cs2 Nd0,18,18,23,29,23,43,59,92,88,129,143,137,79,108,161,95,69,74
C3r C3r Cs3 Nd+,4,5,5,6,16,41,43,35,32,15,12,11,8,24,21,33,65,113
C3r Cs2 Nd0 Cs3,3,0,0,0,0,0,0,0,0,0,0,2,0,1,3,7,36,408
Car Car C2r C2r,300,56,66,91,46,30,19,14,7,12,14,20,31,48,75,72,62,301
Car Car C2r C3r,202,61,52,22,14,12,13,10,5,7,12,11,12,14,23,53,58,208
C3r C3r C2r Car,16,13,26,50,18,4,7,5,11,24,13,2,6,5,29,26,21,39
C3r C3r C2r C3r,31,27,24,40,47,72,28,7,9,9,6,12,11,7,16,21,36,34
C3r C3r C2r .=O,27,50,35,55,53,130,145,81,56,58,64,67,86,92,193,267,262,256
C3r C2r C2r Car,51,19,7,2,0,2,0,0,0,0,0,0,0,0,0,15,15,115
C2r C2r C3r Cs3,1,4,3,3,1,11,13,13,29,26,59,60,28,24,28,10,13,12
Car C2r C3r Cs3,0,0,0,0,0,8,13,4,5,5,1,11,10,11,2,0,0,1
Nd0 Nac Car Car,844,1,2,0,8,0,5,0,1,1,1,4,2,7,0,0,0,309
Nac Nd0 Car Car,869,7,1,0,1,0,0,0,0,0,0,0,0,0,0,0,6,343
Car Nac Nd0 Car,947,3,0,0,0,0,0,0,0,0,0,0,0,0,0,0,0,13
Car Nac Cs3 Cs3,37,32,41,52,80,147,252,336,459,418,329,219,150,94,69,56,45,67
Nac Cs3 Cs3 Cs3,7,12,19,19,86,231,439,177,76,35,35,21,22,49,63,100,156,498
.=O C2r C3r Cs3,48,40,33,44,56,114,185,93,53,46,21,18,8,7,6,3,0,0
.=O C2r C2r C2r,105,26,6,2,2,1,0,0,2,1,0,2,9,11,22,52,84,447
Nd0 Car Car O_d,145,5,1,0,0,0,0,0,0,0,0,0,0,0,0,0,0,18
Cs2 Cs3 Cs3 C3r,1,0,4,5,9,15,14,15,1,1,3,2,2,2,3,7,40,62
Cs3 Cs3 C3r Cs3,0,3,2,8,3,0,2,0,0,0,0,0,0,0,0,3,7,19
Cs3 Cs3 C3r C2r,1,0,1,6,28,75,81,23,5,5,3,5,4,3,3,8,30,69
Cs3 Cs3 C3r C3r,14,19,23,35,86,194,260,208,113,60,33,37,36,42,63,106,232,488
C3r C2r C2r C2r,351,84,59,16,16,6,0,1,0,0,0,0,0,4,2,6,16,227
C2r C3r C3r C2r,73,51,21,27,51,61,29,49,45,9,3,0,3,5,7,37,75,53
C3r C3r C2r Cs2,9,7,0,0,0,0,1,0,1,0,8,22,26,15,14,33,28,21
O_d Car Car Cs2,253,93,39,21,15,6,3,0,0,0,0,0,0,0,0,0,0,0
Car O_a Cs3 Cs3,4,2,4,12,18,16,24,62,48,52,44,34,57,80,124,193,378,572
O_a Car Car Nd0,492,10,0,0,0,0,0,0,0,0,0,0,0,0,0,2,8,55
O_a Cs3 Cs3 Cs3,16,21,25,33,89,189,246,100,55,38,31,33,28,45,48,59,85,145
Hal Car Nac Car,6,0,0,0,0,0,0,0,0,0,0,0,0,0,0,0,0,285
Hal Car Car Cs3,303,76,40,24,15,5,6,2,0,2,0,1,0,0,0,0,0,0
Car Car Cs3 Car,97,58,53,98,96,121,172,227,230,235,212,180,113,93,94,57,55,93
Nac Car Car Csp,52,1,0,0,0,0,0,0,0,0,0,0,0,0,0,0,3,515
Car Nac Car O_d,28,0,0,0,0,0,0,0,0,0,0,0,0,0,0,0,1,107
Car Car Csp Nac,269,126,88,50,55,43,62,54,54,48,51,64,50,56,50,87,129,259
O_d Car Car Cs3,146,50,22,17,11,7,5,3,0,2,0,0,1,0,0,0,0,1
O_d Car Nac Nac,17,0,0,0,0,0,0,0,0,0,0,0,0,0,0,0,0,38
Car Car Nac Cs2,118,24,18,22,42,24,40,40,54,51,35,33,28,45,24,21,33,204
Car Nac Cs2 .=O,153,28,8,7,11,4,1,0,2,1,2,6,5,9,8,20,25,206
Car Nac Cs2 Car,48,21,10,3,9,4,0,0,0,0,0,0,0,4,6,7,13,75
Car Nac Nac Cs2,0,0,0,0,0,0,0,0,0,0,0,0,0,0,0,0,1,48
Cs2 Car Car Hal,89,46,30,26,24,16,13,10,5,2,1,1,7,2,0,0,0,0
Nac Nac Cs2 .=O,5,1,1,0,0,0,0,0,0,0,0,0,0,0,0,0,5,63
Nac Nac Cs2 Car,32,1,0,0,0,0,0,0,0,0,0,0,0,0,0,0,4,11
Car Cs3 O_a Car,2,0,2,6,10,25,39,32,29,19,9,2,13,9,20,45,82,129
O_a Cs3 Cs3 Nd0,3,2,4,10,17,43,25,14,5,4,1,3,4,4,2,3,7,4
.=O Car Nac Nac,32,0,0,0,0,0,0,0,0,0,0,0,0,0,0,0,1,138
Car Nac Cs3 Cs2,5,5,0,4,14,29,44,51,69,86,73,49,38,26,15,5,2,3
Nac Cs3 Cs2 Cs2,2,0,0,0,3,1,1,1,0,2,3,7,6,3,2,1,0,2
Cs2 Cs3 Nac Nac,0,1,0,0,2,1,0,3,11,18,12,6,5,5,3,1,0,0
Nac Car Cs3 O_d,9,10,6,2,4,15,12,5,7,5,2,10,3,5,4,7,15,14
Nac C3r C3r O_a,71,63,89,118,191,475,101,40,33,12,13,14,8,3,9,9,12,17
Nd0 Car Nac Nd0,12,0,0,0,0,0,0,0,0,0,0,0,0,0,0,0,1,168
Nd0 Car C3r C3r,5,5,5,23,13,19,12,5,7,5,6,7,9,7,18,36,30,44
Nac Nd0 Car C3r,0,0,0,0,0,0,0,0,0,0,0,0,3,3,4,9,16,30
Car Car C3r Cs3,19,18,30,63,131,117,152,172,77,77,114,152,131,97,53,24,26,19
Car C3r C2r Car,57,2,0,0,0,0,0,0,0,0,0,0,0,0,0,0,0,0
Car C3r C2r .=O,9,3,5,7,5,22,39,6,3,5,6,1,0,0,5,2,6,132
Car C3r Cs2 .=O,3,3,0,0,2,0,1,9,11,11,6,8,9,30,17,4,0,4
Car C3r Cs2 O_a,4,24,18,3,0,0,1,0,2,0,4,0,0,0,0,0,0,1
Car Car C2r Cs2,75,7,0,1,1,6,6,0,0,0,0,6,3,2,2,0,3,67
Nac Car Car C3r,397,9,2,0,0,0,0,0,0,0,0,0,0,0,1,1,17,994
Nac Car C3r C3r,117,144,78,50,53,66,56,55,46,44,53,60,43,40,73,112,136,140
Nac Car C3r Cs3,21,11,1,0,6,5,9,10,5,15,72,25,18,30,23,3,10,28
Car Car C3r Cs2,0,1,1,11,19,44,16,11,11,14,14,48,27,9,4,0,0,1
Car C3r C3r Car,89,97,89,25,49,53,45,51,35,1,9,5,5,1,9,7,43,27
Car C3r C3r Cs3,5,1,1,4,4,15,46,59,19,50,66,25,26,39,41,29,59,62
Car C3r Cs3 Cs3,4,2,3,0,45,36,25,25,10,1,0,8,5,4,4,13,25,57
Cs3 C3r C3r Cs3,11,9,21,17,33,65,73,29,33,33,21,17,5,23,81,23,7,11
Cs3 Cs3 Cs2 O_a,5,2,2,4,2,8,9,19,15,16,4,7,8,5,10,17,24,46
Cs3 Cs2 O_a Cs3,7,1,5,0,3,2,3,1,1,5,4,5,2,15,15,17,34,133
Cs2 O_a Cs3 Cs2,1,0,3,2,6,10,17,2,5,1,1,0,0,0,0,0,2,3
O_a Cs3 Cs2 Cs2,1,0,0,3,2,10,18,13,5,0,4,1,3,2,0,2,2,1
Nd0 Car Car Cs2,812,21,1,1,0,0,0,0,0,0,0,0,0,0,0,0,1,236
Car Car Cs2 Cs3,129,51,71,37,16,11,17,11,8,9,10,17,13,16,29,65,55,99
Nac Car C2r C3r,15,0,0,0,0,0,0,0,0,0,0,0,0,2,0,0,0,3
Nac Car C2r Cs2,0,0,0,0,0,0,0,0,0,0,0,0,0,0,0,0,5,8
Car Nac Car C2r,58,3,0,0,0,0,0,0,0,0,0,0,0,0,0,0,5,145
Car C3r C2r Cs2,1,3,2,8,7,12,4,3,3,3,0,0,0,0,1,0,4,12
C3r C2r Cs2 Cs3,16,2,0,0,0,0,0,0,0,0,0,1,0,0,0,0,1,3
Car C2r Cs2 Cs3,6,0,0,0,0,0,0,0,0,0,0,0,0,0,0,0,6,9
Cs3 C3r C2r Cs2,5,0,0,1,0,0,0,0,1,5,4,12,9,3,3,0,0,1
Nd0 Car Car C3r,297,13,0,0,0,0,0,0,0,0,0,0,0,0,0,1,5,341
Car C2r C3r Cs2,0,0,0,0,0,0,0,0,0,0,0,0,0,2,17,19,5,1
Cs3 Car Car C2r,86,28,17,8,4,0,1,0,1,0,0,0,1,0,0,0,0,0
C2r C3r Cs2 .=O,0,3,5,1,3,0,2,5,1,8,26,13,5,0,1,0,0,1
C2r C3r Cs2 O_a,0,0,0,0,0,0,0,0,0,0,1,4,7,3,17,8,1,0
.=O C2r C3r Cs2,0,0,1,0,0,0,0,4,6,28,9,3,0,0,0,0,0,0
Cs3 Cs2 Cs2 Cs3,303,13,3,3,5,1,5,0,1,0,0,1,0,5,3,9,9,279
Cs2 Cs2 Cs3 Cs3,18,15,16,8,3,11,5,12,10,18,27,50,45,23,18,18,15,27
Cs3 Cs2 Cs3 Cs3,4,2,4,1,3,5,5,4,4,5,8,10,9,5,10,21,21,22
Cs3 Nd+ Cs3 C3r,2,1,1,2,6,10,7,11,10,6,16,11,10,11,15,18,26,29
Nd+ Cs3 C3r O_a,4,2,3,5,24,40,30,14,9,2,3,4,0,3,4,2,6,13
Cs3 Cs3 Nd0 SO2,2,2,0,2,4,4,3,10,12,12,13,12,21,23,41,32,31,23
Cs2 Nd0 Car Sul,216,69,31,10,4,3,3,3,4,0,1,0,3,3,1,5,2,12
Csp Car Car Car,147,5,0,0,0,0,0,0,0,0,0,0,0,0,0,0,5,1905
Csp Car Car O_a,59,0,0,0,0,0,0,0,0,0,0,0,0,0,0,0,0,0
C3r Nd+ C3r Cs3,0,0,0,1,15,24,22,26,21,21,30,30,19,11,23,36,48,139
Cs3 C3r Car Nd0,4,0,0,0,1,16,17,11,5,4,0,0,0,0,0,0,0,0
Car Cs3 C3r Car,0,0,0,1,9,2,0,0,0,0,0,0,0,0,0,2,0,1
Car Cs3 C3r Nd+,0,0,0,3,2,0,0,0,0,0,0,0,0,0,0,5,3,9
Car C3r C3r Nd+,7,6,16,35,72,57,9,19,14,32,11,16,9,16,19,33,42,35
Car Nd0 Car C3r,0,0,0,0,0,0,0,0,0,0,0,0,0,0,0,0,2,186
Nd+ C3r Car Nd0,0,1,0,0,0,0,1,0,0,0,0,0,0,0,0,0,0,5
O_a Car Car Hal,429,3,0,0,0,0,0,0,0,0,0,0,0,0,0,0,0,2
C3r Cs3 Nd0 SO2,1,0,0,0,0,2,0,0,0,0,0,0,0,2,0,4,4,4
Cs3 Nd0 SO2 Nd0,0,1,1,2,1,7,1,1,1,0,0,0,0,0,2,1,0,2
Cs2 Nd0 SO2 Nd0,0,2,0,0,0,3,0,0,0,0,0,0,0,0,0,0,0,0
Car Cs2 Nd0 SO2,0,0,0,0,0,0,0,0,0,0,0,0,0,0,0,0,13,60
C3r C3r Cs3 Nd0,4,5,15,18,27,66,95,45,26,22,8,17,9,16,13,28,55,115
Nd0 Cs3 C3r O_a,2,1,3,0,5,7,9,6,3,2,0,0,0,0,2,0,5,7
Cs2 Car Car .=O,66,26,10,9,0,1,2,0,0,0,0,0,0,0,0,0,0,0
Cs3 Car Nac Nac,68,0,0,0,0,0,0,0,0,0,0,0,1,0,0,0,4,924
Hal Car Car SO2,65,12,14,24,7,0,2,3,1,0,0,0,0,1,0,0,0,0
SO2 Nd0 Cs3 Cs2,2,0,0,13,13,19,18,6,5,10,0,3,0,0,0,0,0,2
Nd0 Cs3 Cs2 Nac,2,0,0,0,0,0,1,2,1,3,3,12,27,31,49,27,19,20
Cs3 Cs2 Nac C3r,642,72,21,13,5,3,4,0,1,0,0,3,5,3,10,20,65,661
Cs2 Nac C3r Cs3,1,2,1,0,1,5,6,21,16,22,30,23,33,32,20,14,11,1
Cs3 Cs3 Cs2 Nac,0,0,1,0,3,3,10,37,54,82,74,87,37,24,15,26,37,53
Cs3 Nd0 Cs2 Nd+,15,3,2,0,0,0,0,0,0,0,0,0,0,0,0,0,0,18
Nac C3r Cs3 Cs3,0,0,1,2,11,28,32,8,8,8,1,3,2,5,3,12,17,27
C3r Nac C3r Cs3,0,0,2,0,2,16,56,73,37,40,38,48,29,8,2,5,4,10
Cs3 Cs3 Cs2 Car,0,1,0,0,9,2,11,12,8,3,10,2,3,5,3,4,7,10
Cs3 Cs2 Car Sul,0,0,0,0,0,0,0,0,0,0,0,0,0,0,0,0,1,9
Cs3 Cs2 Car Nac,3,0,0,0,0,0,0,0,0,1,0,0,0,0,2,1,5,16
.=O Cs2 Car Nac,152,104,77,56,32,24,13,14,7,6,15,22,27,40,50,95,220,328
Cs2 Car Nac Car,42,3,0,0,0,0,0,0,0,0,0,0,0,0,0,3,9,952
C3r C3r O_a Cs3,1,0,5,8,11,28,51,58,55,96,82,85,88,84,94,80,104,157
Car Nd0 Car Nd+,118,2,0,0,0,0,0,0,0,0,0,0,0,0,0,0,0,4
Nd0 Car Nd+ Car,113,0,0,0,0,0,0,0,0,0,0,0,0,0,0,0,0,119
Car Nd+ Car Car,361,2,0,0,0,0,0,0,0,0,0,0,0,0,0,0,0,90
Car Car Car Nd+,170,7,2,1,0,0,1,0,0,0,0,2,0,0,1,0,9,362
Nd+ C3r Cs2 .=O,34,32,35,30,35,17,5,2,2,3,2,2,5,4,3,13,28,24
Cs2 C3r C3r Car,2,1,1,0,3,5,3,6,8,8,1,2,0,4,9,9,10,18
Cs3 Nd0 Car Car,395,168,90,59,45,26,31,23,28,30,27,32,25,47,62,91,223,500
Car Nac Cs3 C3r,1,1,0,2,2,25,49,31,37,41,29,37,23,6,0,1,2,4
O_a C3r Cs3 Nac,0,0,3,1,2,10,14,19,6,2,0,2,2,0,2,2,15,8
O_a C3r O_a C3r,31,28,30,32,30,163,292,137,100,62,105,148,138,114,21,31,31,206
O_a C3r C3r Nd+,50,26,21,36,87,413,235,65,48,26,24,26,15,17,17,9,35,88
Cs2 O_a Cs3 Car,0,0,0,0,3,1,9,13,18,13,8,8,5,6,10,6,19,19
O_d Cs3 Cs3 O_d,13,15,19,49,139,285,229,81,51,17,15,25,33,29,37,69,143,343
Nac Cs3 Cs3 O_d,6,2,8,19,27,50,73,33,18,9,6,2,2,9,2,21,230,87
Nac Car Cs2 Nd0,255,165,70,36,11,8,0,1,0,1,5,5,11,17,44,44,65,56
C3r O_a C3r Sul,6,5,0,0,0,0,0,0,0,0,0,0,0,0,0,3,12,46
Sul C3r C3r O_d,2,6,24,34,6,1,0,2,0,0,0,0,0,0,2,0,0,8
Sul C3r C3r C3r,16,16,40,44,13,28,32,14,10,21,23,14,6,9,6,7,21,86
C3r C3r Nac Nac,7,16,14,39,42,52,61,43,36,24,29,75,48,19,30,20,18,19
C3r C3r Sul C3r,14,24,29,62,84,25,6,15,1,8,6,5,8,34,18,13,5,24
Nac Nac Nac C3r,1,0,0,0,0,0,0,0,0,0,0,0,0,0,0,0,2,110
Nac Nac Nac Car,1118,0,0,0,0,0,0,0,0,0,0,0,1,1,0,0,3,117
O_a C3r Sul C3r,0,0,2,9,2,2,0,0,0,0,0,0,0,2,6,1,2,3
Car Car Car Sul,2404,85,72,54,45,21,5,9,1,4,9,6,21,50,56,68,103,2424
Car C2r C2r Car,165,19,7,7,0,0,0,0,0,0,0,0,0,0,0,0,3,11
Car C2r C3r O_a,5,8,0,0,0,0,0,0,0,1,6,6,0,1,10,7,4,6
C2r C2r C3r O_a,11,16,19,27,8,9,8,8,10,6,8,10,14,22,23,20,8,5
C2r C3r O_a C3r,6,0,4,10,19,42,11,13,12,2,6,1,5,5,10,1,2,12
C2r C3r C3r SO2,9,0,0,0,0,0,0,0,0,0,0,0,0,0,0,3,4,3
C3r C3r SO2 Nac,14,7,6,1,6,3,1,3,1,0,0,0,0,2,5,4,0,7
C3r C3r SO2 .=O,8,9,42,44,53,78,72,59,49,26,12,10,7,14,34,56,61,86
C3r SO2 Nac Car,0,0,1,0,0,2,1,0,4,6,1,0,0,1,0,0,0,4
C3r SO2 Nac Cs3,0,0,0,1,0,0,3,0,3,0,1,0,0,1,0,0,1,3
C3r C3r C3r SO2,2,1,6,3,5,30,36,6,2,7,99,15,11,16,0,8,11,24
O_a C3r C3r SO2,0,1,0,0,0,0,0,2,3,4,0,0,0,0,0,0,0,1
SO2 Nac Car Car,23,4,12,16,19,12,20,25,59,58,28,19,12,13,20,13,8,52
SO2 Nac Cs3 Cs3,1,1,0,5,3,5,14,17,21,36,183,162,55,134,92,12,6,5
Car Nac SO2 .=O,8,28,56,29,38,38,27,11,8,12,5,13,11,14,25,52,49,56
Cs3 Nac SO2 .=O,81,83,150,250,151,132,191,53,22,18,17,25,41,63,94,276,217,322
Cs2 Cs3 Cs3 Cs2,1,1,3,7,13,33,29,15,9,15,9,9,9,15,27,35,89,167
Cs3 Cs3 Nac Cs3,12,17,19,25,50,64,86,228,175,161,265,90,24,31,17,10,20,21
Cs3 Nac SO2 Car,1,0,2,12,73,180,78,146,242,79,58,26,18,6,12,1,4,3
Nac SO2 Car Car,24,30,24,15,8,38,65,160,545,459,142,66,29,11,20,23,23,17
Cs2 Nd0 Cs2 Nd0,13,0,0,0,0,0,0,0,0,0,0,0,0,0,0,0,0,17
Cs2 Nd0 Cs2 .=O,57,4,2,0,0,0,0,0,0,0,0,0,0,0,0,0,0,13
Cs2 Nd0 Cs2 Car,0,0,0,0,0,0,0,0,0,0,0,0,0,0,0,1,1,27
Car Car Cs3 Cs2,45,23,18,33,71,100,161,230,187,211,203,163,104,74,30,23,22,37
Car Cs3 Cs2 .=O,73,59,81,60,54,59,87,120,111,100,77,59,28,31,44,40,37,32
Cs2 Nac Car Cs3,13,2,1,3,2,0,0,1,0,0,0,0,0,0,0,0,0,0
Cs2 Cs3 Cs3 O_d,2,0,2,3,14,34,41,25,12,1,3,1,0,2,17,13,42,36
O_d Cs3 Cs2 .=O,21,22,15,20,16,15,4,5,3,6,3,2,3,7,5,17,22,39
O_d Cs3 Cs2 Nd0,33,17,14,1,3,0,0,2,1,0,4,4,13,5,6,2,1,4
Cs2 Nd0 Cs3 C3r,0,0,0,6,5,6,23,27,46,30,22,9,15,5,6,6,14,10
C3r Nac Car Hal,1,0,0,0,0,0,0,0,0,0,0,1,0,0,0,0,0,0
Cs3 C3r C3r Nac,1,0,0,2,5,21,41,61,47,37,35,48,33,31,37,45,69,125
Cs3 C3r C3r C2r,0,1,3,6,11,51,89,46,21,15,16,15,6,11,14,44,62,103
C3r C3r Nac C2r,243,197,118,85,48,38,69,49,29,35,62,113,96,67,70,64,81,88
C3r C3r C2r Nac,188,142,98,86,19,16,22,32,40,33,33,66,51,28,14,18,48,17
Cs3 Nac C2r C3r,37,0,0,0,1,0,0,0,0,0,1,1,0,4,8,20,41,395
Cs3 Cs3 Nac C3r,2,5,10,31,16,26,27,45,44,28,20,19,14,9,8,5,2,4
Cs3 Cs3 Nac C2r,1,4,4,5,12,26,27,29,34,45,69,41,39,31,18,4,10,4
C3r Nac C2r .=O,308,44,20,11,9,2,0,0,0,0,2,0,0,2,23,57,110,842
C3r Nac C2r C3r,462,70,16,5,3,0,0,0,1,0,0,3,0,10,5,6,24,193
Nac Cs3 Cs3 O_a,4,3,0,4,16,20,34,22,11,10,3,5,2,0,1,5,9,16
Hal Car Car Nac,240,0,0,0,0,0,0,0,0,0,0,0,0,0,0,0,1,559
C3r C3r Cs2 Car,0,0,0,1,0,0,5,3,1,3,0,0,0,3,2,3,4,6
C2r O_a C3r C3r,81,48,36,42,44,35,12,21,28,21,20,25,24,24,16,32,28,17
C2r Nd+ C3r C3r,54,20,44,34,20,8,0,0,0,2,2,6,5,21,21,7,5,7
C2r Nd+ C3r Car,3,0,0,0,0,0,0,0,0,6,22,26,12,46,37,6,5,8
Car Car Cs2 C3r,9,2,1,0,0,0,0,1,0,0,2,0,0,0,0,1,3,7
C3r Nd+ C2r O_a,3,8,3,3,4,1,7,0,1,1,0,0,0,1,1,0,0,0
C3r Nd+ C2r Nd0,30,2,0,0,0,0,0,0,0,0,0,0,1,0,0,0,18,180
C3r O_a C2r Nd0,10,6,1,0,0,0,0,0,0,0,0,0,0,0,0,3,8,54
C3r O_a C2r Nd+,43,6,0,1,0,0,0,0,0,0,0,0,0,0,0,0,0,1
Nac Car Car O_d,86,3,0,0,0,0,0,0,0,0,0,0,0,0,0,0,2,150
Car Nac Cs2 Nd0,22,5,1,0,0,0,0,0,0,0,0,0,0,0,0,0,9,29
Car Car Nd0 C2r,233,74,37,48,32,9,13,5,0,0,6,12,9,30,43,37,60,207
Nac Car Nac Cs2,13,3,1,0,0,0,1,0,0,0,0,0,0,0,2,2,2,37
Nac Cs2 Nd0 Cs3,0,0,0,0,0,0,0,0,1,0,0,0,1,0,0,3,9,92
Car C2r Nd0 Car,23,3,0,3,0,0,0,0,0,0,0,0,0,0,0,5,1,4
Nd0 Cs3 Cs3 Nd+,1,1,1,8,12,22,22,23,23,7,9,5,9,11,14,16,26,37
Cs3 Nd+ C3r Cs3,3,0,2,7,11,27,26,23,11,5,2,6,8,5,8,2,0,3
Nd+ C3r Cs3 Nd+,0,0,0,0,0,0,4,0,0,0,0,0,0,0,0,1,1,0
.=O C2r Nd0 Car,33,3,5,0,0,0,0,0,0,0,0,0,0,1,2,6,21,288
Nd0 Cs2 O_a C3r,0,0,0,0,0,0,0,0,1,2,2,0,0,1,13,24,147,117
Cs2 O_a C3r C3r,1,0,3,5,8,21,32,63,45,120,108,72,72,136,107,37,50,32
.=O Cs2 O_a C3r,196,180,31,19,7,7,1,5,5,4,2,1,0,0,1,0,1,2
O_a C3r C3r O_a,111,27,45,77,75,129,203,355,207,133,75,41,15,27,29,35,87,195
C3r O_a Cs2 Cs3,1,0,0,0,0,0,0,0,1,2,1,1,2,3,6,9,9,45
O_a Cs2 Cs3 Car,1,0,3,2,4,2,3,5,4,2,0,0,1,0,0,0,0,1
O_d Cs3 Cs3 Car,1,1,0,0,14,22,32,11,5,4,2,4,0,1,2,7,8,38
C3r Car Nac C3r,97,1,0,0,0,0,0,0,0,0,0,0,0,0,0,0,0,0
Car C3r C3r Nd0,7,5,8,23,32,17,11,9,17,10,3,5,3,13,24,17,11,21
Cs2 Car Car Cs2,67,29,19,13,11,13,7,3,9,3,5,5,1,0,0,1,1,3
Cs2 Car Nac Nac,4,0,0,0,0,0,0,0,0,0,0,0,0,0,0,0,0,231
Cs2 Car Nac Cs3,104,45,22,15,8,5,0,2,0,0,0,0,0,0,0,0,0,0
C3r Nd0 Cs2 Car,2,0,0,0,0,0,0,0,0,0,0,0,0,0,4,10,50,334
Csp Car Car Nd0,202,2,0,0,0,0,0,0,0,0,0,0,0,0,0,0,0,58
Sul C3r C3r Nac,3,0,9,8,28,21,10,7,4,16,1,0,0,0,0,1,1,0
Cs3 C2r C3r C3r,1,0,0,5,7,7,18,16,7,6,0,0,3,3,2,12,14,20
Cs3 C2r C2r C3r,38,2,1,1,0,0,0,0,0,0,0,0,0,0,4,12,20,101
Cs3 C2r C2r Car,12,1,0,0,0,0,0,0,0,0,0,0,0,0,0,0,1,47
C3r Nd+ Cs3 C2r,0,0,2,4,1,0,0,0,0,0,0,0,0,0,0,0,2,8
Cs2 Car Car O_a,398,7,1,0,0,0,0,0,0,0,0,0,0,0,0,0,4,92
Car Nd0 Cs3 C3r,0,0,1,1,4,8,21,7,10,8,3,7,9,9,10,8,12,13
Nd+ Cs3 C2r C3r,0,0,0,0,0,0,0,0,0,0,1,0,0,0,0,0,0,1
Nd+ Cs3 C2r C2r,0,0,0,0,0,0,0,0,0,0,3,1,3,1,1,0,0,3
C3r Nac Car Nd0,59,4,0,1,0,0,0,0,0,0,0,0,0,0,1,1,0,122
C3r Nac Car .=O,186,37,7,8,4,3,1,0,0,0,0,0,0,0,0,0,0,0
Car Car C3r Car,103,35,41,55,54,93,93,48,60,60,59,98,105,53,60,45,44,101
Nac Car Sul Cs3,105,60,19,13,10,11,12,12,11,11,8,11,5,13,12,21,51,73
Csp Csp Car Car,125,67,52,34,29,43,25,33,35,37,28,22,40,32,40,42,68,127
Cs2 Cs3 Sul Car,3,5,10,10,16,20,23,15,10,1,3,0,3,1,0,0,4,8
Sul Car Nac C3r,41,13,3,2,1,4,2,2,2,0,0,0,2,0,5,7,10,22
C3r C3r Cs3 Nac,3,4,9,23,24,39,34,32,17,9,8,4,5,17,16,34,57,77
C3r Cs3 Nac Nac,2,1,0,0,0,1,6,7,1,5,7,4,4,1,0,1,0,1
Cs3 Nac Nac Nac,1,0,0,0,0,0,0,0,0,0,0,0,0,0,1,0,0,203
Cs3 Cs3 O_a Cs3,4,1,4,7,34,26,31,57,24,30,35,37,36,48,55,80,116,124
Cs3 O_a Cs3 Cs2,0,0,4,4,6,5,11,24,4,1,2,2,1,6,18,15,5,7
O_a Cs3 Cs3 Car,0,0,1,0,12,15,19,13,3,2,0,1,2,0,1,0,11,7
O_a Cs3 Cs2 .=O,43,79,72,52,23,44,27,13,11,12,12,11,23,17,46,82,89,70
Car Nac Car O_a,323,2,0,0,0,0,0,0,0,0,0,0,0,1,0,1,3,798
Car O_a Car Nac,423,51,21,9,4,8,2,0,1,2,3,0,2,1,4,11,20,115
Cs3 Car O_a Car,0,0,0,1,0,0,0,0,1,0,1,0,2,4,6,18,45,157
C3r Nd0 Car Car,220,94,52,30,18,9,14,6,8,6,7,13,16,20,29,52,128,215
C3r C3r Nd0 Car,22,21,65,68,48,32,66,114,121,80,38,37,44,50,88,137,103,92
Nd+ C3r C3r Nd0,10,3,1,5,10,42,22,10,13,5,10,9,12,9,5,4,12,48
.=O Car Car Hal,17,11,3,2,3,2,2,2,1,0,0,0,0,0,0,0,0,0
Nac C3r C3r Car,47,38,31,58,116,59,21,12,12,7,0,2,8,9,18,14,32,59
Car O_a C3r O_a,214,130,109,53,21,4,19,20,29,5,4,7,6,0,0,2,0,1
Car Cs2 Cs2 Csp,9,0,1,0,0,0,0,0,0,0,0,0,0,0,0,5,7,22
Car Car Cs2 Cs2,115,66,63,46,43,93,52,30,27,27,28,56,79,54,40,54,67,97
Cs2 Cs2 Csp Nac,5,4,2,2,7,2,6,3,5,4,6,5,2,2,7,2,3,12
Cs2 Cs2 C2r Sul,0,0,1,0,0,0,0,0,0,0,0,0,0,0,0,0,0,0
Cs2 C2r Nd0 C2r,0,0,0,0,0,0,0,0,0,0,0,0,0,0,0,2,2,90
Cs2 C2r Sul C2r,1,0,0,0,0,0,0,0,0,0,1,0,0,2,0,1,4,24
Csp Cs2 Cs2 .=O,8,0,0,0,0,0,0,1,0,0,0,0,0,0,0,0,0,22
Csp Cs2 C2r Sul,0,0,0,0,0,0,0,0,0,0,0,0,0,0,0,0,0,1
C2r Cs2 Cs2 .=O,1,0,1,0,0,1,0,0,0,0,0,0,0,0,0,0,0,0
C2r Cs2 Csp Nac,0,0,0,0,0,0,0,0,0,0,0,0,0,0,1,0,0,0
C2r Nd0 C2r C2r,266,22,5,5,1,6,2,0,0,1,0,0,2,0,0,0,0,5
C2r Nd0 C2r Car,46,0,0,0,0,0,0,0,0,0,0,0,0,0,0,0,0,6
C2r Sul C2r C2r,31,3,2,0,0,0,0,0,0,0,0,0,0,0,0,0,0,0
C2r Sul C2r Nd0,5,0,0,0,0,0,0,0,0,0,0,0,0,0,0,0,0,14
C2r Nd0 C2r Sul,16,5,1,3,0,0,0,0,1,0,0,0,0,0,0,0,0,1
Nd0 C2r C2r Sul,5,0,0,0,0,0,0,0,0,0,0,0,0,0,0,0,7,4
Car Car Nd+ Cs3,5,0,1,1,0,3,2,3,4,4,3,2,3,0,1,1,0,5
Car Nd+ Cs3 Cs3,0,0,0,0,0,0,0,0,0,1,0,0,0,0,0,0,0,3
Car Car Cs2 O_a,87,50,26,25,25,15,17,8,10,9,12,20,12,31,21,23,49,77
Car Cs2 O_a Cs3,1,0,0,0,2,1,0,1,4,0,6,8,4,7,9,23,28,121
Cs3 Car Car Nd+,32,0,0,0,0,0,0,0,0,0,0,0,0,0,0,0,3,64
Nd+ C3r C3r Nd+,23,23,27,41,163,743,139,21,25,7,7,3,9,13,27,13,9,13
Csp Car Car Cs3,145,15,9,4,3,0,1,0,0,0,0,0,0,0,0,0,0,0
Csp Csp Car Nac,15,5,2,4,1,4,1,0,1,2,1,1,3,1,3,6,8,17
Car Csp Csp Car,41,25,21,19,5,13,11,11,5,5,7,3,1,1,1,15,5,5
Nac Nac Car Csp,18,0,0,0,0,0,0,0,0,0,0,0,0,0,0,0,0,27
Car Nac Car Csp,3,0,0,0,0,0,0,0,0,0,0,0,0,0,0,0,0,122
Car Nd0 Cs3 Car,1,0,3,0,7,56,62,133,96,67,39,8,14,5,16,16,16,29
Nd0 Cs2 Cs3 Car,7,3,5,8,6,8,12,26,41,61,72,38,48,19,23,26,17,22
C3r Cs2 Cs2 Cs3,12,0,0,0,0,0,0,0,0,0,0,0,0,1,0,0,0,30
C3r C3r Cs2 Cs2,3,0,4,3,3,5,3,4,5,5,9,17,20,12,16,17,14,4
C3r O_a C3r Cs2,3,24,47,10,4,5,4,11,6,12,15,11,12,6,3,7,22,39
O_a C3r Cs2 Cs2,0,1,3,0,0,0,0,2,3,5,8,4,6,2,0,1,0,0
Cs2 Cs2 Cs3 Nd0,1,2,0,1,0,0,3,2,2,2,1,2,1,2,10,5,3,3
O_d Car Car O_d,253,85,49,25,7,17,9,7,5,5,0,0,1,0,0,0,0,1
Car Nd0 Car Cs2,0,0,0,0,0,0,0,0,0,0,0,0,0,1,1,26,83,362
Nd0 Car Cs2 Nac,1,0,1,0,2,0,0,0,7,0,1,0,0,1,3,5,4,5
Nd0 Car Cs2 .=O,103,66,36,14,30,25,1,1,1,8,3,3,26,28,10,16,36,58
Hal Car Car Hal,599,25,9,0,3,0,0,0,0,0,0,0,0,0,0,0,0,1
O_a Cs3 Cs3 O_d,6,4,5,6,20,24,26,12,15,12,8,3,0,4,10,12,13,35
O_a Cs3 Cs3 Cs2,1,0,1,1,13,14,5,7,0,0,5,1,0,0,3,3,3,9
Cs3 Cs2 Nac Cs3,112,10,3,0,0,0,0,0,0,0,0,0,0,0,0,6,9,141
O_d Cs3 Cs2 Nac,0,0,0,1,0,3,0,2,0,0,0,0,0,3,7,9,12,5
Cs2 Nac Cs3 Cs3,1,0,2,4,5,13,16,36,67,66,52,57,30,19,9,10,11,8
Car Cs2 Nd0 O_d,0,0,0,0,0,0,0,0,0,0,0,0,0,1,0,2,5,67
.=O Cs2 Nd0 O_d,358,28,14,7,2,0,0,0,0,0,0,0,0,0,0,0,0,0
.=O C2r Car Nac,65,9,2,5,0,0,0,0,0,0,0,0,0,6,0,8,11,28
O_d Car Car C2r,131,24,14,11,2,0,0,4,0,0,0,0,0,2,0,0,0,0
C3r Nac C2r Car,236,35,13,4,0,0,0,0,0,0,0,0,0,0,3,6,28,181
Nac Nac Cs3 Car,2,1,0,1,4,10,23,13,49,28,10,8,3,1,3,2,0,1
C2r Car Nac C3r,23,6,6,1,2,1,0,0,0,0,0,0,0,0,0,0,0,0
Nac C2r Car Nac,18,17,1,1,5,1,0,0,0,0,0,0,0,0,0,1,8,26
Nd0 Car Car Nd0,533,9,1,3,0,0,0,0,0,0,0,0,0,0,1,0,3,255
O_d Cs2 Cs3 Cs3,2,0,0,0,3,0,4,4,5,6,7,0,0,1,0,0,0,2
O_d Cs2 Cs3 Nd0,2,1,1,0,0,0,0,0,0,0,0,0,2,0,4,2,0,1
Nd0 Cs3 C3r Nac,2,2,0,6,8,14,4,3,1,0,0,0,0,0,5,4,9,11
Cs3 C3r C3r Nd0,2,6,12,19,58,81,105,61,35,26,9,8,10,9,14,7,17,11
Cs3 C3r Nac Cs3,2,3,1,3,6,8,16,26,25,12,33,10,3,14,3,1,7,3
C3r Nd0 Car Nac,214,71,21,6,1,6,3,5,1,2,2,1,1,2,5,16,48,218
Nac Car Car .=O,458,6,1,0,1,0,0,0,0,0,0,0,0,0,0,0,1,112
Cs2 Cs3 Cs2 Cs3,1,0,0,0,0,0,0,0,1,0,0,0,0,0,0,0,0,2
Cs2 Cs3 Cs2 .=O,5,5,7,9,8,11,7,7,13,14,6,6,8,9,3,9,4,3
Cs2 Nd0 C3r C2r,1,0,0,5,10,13,14,17,13,11,14,16,20,15,15,15,17,11
C3r O_a C2r C3r,21,13,5,10,4,0,0,2,0,0,0,1,0,7,8,7,17,67
C3r O_a C2r .=O,111,39,18,11,9,1,2,0,0,0,2,2,0,3,8,17,37,76
Cs2 Cs3 Cs2 Nd0,1,2,0,1,3,1,0,0,2,1,1,0,1,1,1,1,0,0
C3r C3r C2r O_a,9,19,13,8,4,6,3,1,10,3,15,15,15,12,9,4,5,3
Nd0 C3r C2r O_a,4,2,0,2,0,0,1,0,1,4,6,2,8,8,8,2,1,6
Nd0 C3r C2r .=O,21,27,18,47,54,52,51,14,5,4,11,8,6,6,7,3,10,79
Nac Cs3 Cs3 Nd0,3,3,2,3,2,0,4,2,0,2,2,0,0,0,1,3,7,11
Cs3 C3r C3r O_a,5,10,26,46,65,94,113,61,33,24,39,22,18,32,46,47,46,120
Car Cs3 C3r Nac,1,0,0,0,6,11,36,13,1,3,1,2,0,0,0,0,1,2
Cs2 Car Nd0 Nac,0,0,0,0,0,0,0,0,0,0,0,0,4,1,2,2,2,5
Car Cs3 Nac Cs2,0,0,0,1,1,10,18,10,31,41,42,50,17,13,3,1,0,0
Cs3 Nac Cs2 Cs2,12,3,2,0,0,1,1,1,1,0,0,0,0,0,2,1,7,12
Nac Cs2 Cs2 .=O,4,1,0,4,6,5,3,11,9,6,4,4,2,1,0,2,0,4
Nac Cs3 Car Sul,17,4,0,2,4,1,4,4,3,1,2,0,1,1,0,0,0,1
.=O Cs2 Cs2 .=O,19,9,7,33,13,5,13,9,5,13,11,9,9,27,27,11,9,71
Cs3 Car Sul Car,0,0,0,0,0,0,0,0,0,0,0,1,3,2,4,17,65,459
Car Sul Car SO2,1,2,0,0,0,0,1,2,0,3,1,2,5,13,5,16,35,49
Sul Car SO2 Nd0,0,0,0,4,2,4,2,4,11,0,5,9,19,11,11,4,1,3
Sul Car SO2 .=O,32,19,26,23,16,14,12,19,12,13,14,20,10,5,8,18,13,12
Sul Car Car Hal,43,0,0,0,0,0,0,0,0,0,0,0,0,0,0,0,0,28
Cs2 C2r C2r C3r,1,0,0,0,0,0,0,0,0,0,0,1,3,13,17,73,109,163
.=O Cs2 C2r C3r,41,22,15,5,1,4,9,0,1,3,0,2,2,1,7,7,21,40
.=O Cs2 C2r C2r,134,53,36,18,9,6,24,14,2,5,11,27,7,13,16,43,62,125
C2r C3r C3r Nd+,7,4,8,14,22,10,7,9,2,3,5,5,0,2,4,2,16,24
Nd0 C3r C3r C2r,1,2,5,1,12,15,10,4,6,1,0,1,1,6,4,6,43,62
C3r O_a Cs3 Cs3,1,2,3,0,3,18,11,12,8,8,7,7,5,9,18,22,61,80
C2r C3r O_a Cs3,1,3,1,1,8,9,9,7,5,6,7,7,8,2,0,0,0,1
Nac Car Cs2 O_a,3,0,0,0,0,0,0,0,0,0,0,0,0,0,0,3,3,8
Nd0 Cs2 C3r Cs3,2,1,0,0,1,0,1,0,2,0,1,3,1,0,0,3,4,6
Cs2 C3r Cs3 Cs3,0,0,0,9,7,2,0,0,0,0,0,0,0,0,0,1,1,3
Cs2 C3r C3r Hal,1,0,0,0,0,0,0,0,0,0,0,0,0,0,0,0,0,0
.=O Cs2 C3r Cs3,6,5,4,2,8,3,6,10,12,7,9,7,1,9,3,0,3,3
C3r C3r C3r Hal,1,0,0,0,0,1,4,5,0,0,0,0,0,0,2,0,0,3
Cs3 C3r C3r Hal,3,0,0,0,0,0,0,0,0,0,0,0,0,0,0,0,0,2
Car Nac SO2 Car,0,1,5,6,8,20,19,12,8,12,8,4,1,0,2,3,1,2
Cs3 O_a Car Nac,185,81,45,13,17,15,9,4,1,2,2,3,6,11,10,13,25,54
Cs3 Car Car SO2,75,17,3,5,1,0,0,0,0,1,1,0,0,0,0,0,0,0
SO2 Nac Cs3 Cs2,0,4,1,5,6,7,14,2,7,1,0,2,2,4,3,0,0,0
Nac Cs3 Cs2 .=O,102,83,69,55,35,27,29,25,23,9,13,11,17,17,27,18,33,33
Nac Cs3 Cs2 Nac,0,0,4,1,0,0,0,0,0,0,1,0,0,3,8,8,15,26
Hal Car Car O_d,171,33,18,8,10,8,3,4,1,0,0,0,0,0,0,0,0,0
Car Nac C2r C3r,195,22,4,3,2,0,0,0,0,0,0,0,1,2,9,10,35,178
C2r C3r C3r Nac,70,16,10,4,14,6,4,12,5,0,0,0,0,1,6,10,8,4
Cs3 Nd+ C3r C2r,1,0,2,1,8,8,14,19,5,5,2,0,1,1,8,23,31,33
C2r C2r C3r Nd+,13,17,15,6,4,1,4,0,2,4,0,7,6,8,18,23,3,13
Cs3 Nac Cs2 Nd0,47,6,4,0,0,0,0,0,0,0,0,0,0,1,0,5,7,52
C3r Nd+ C3r C2r,5,6,19,9,42,36,15,22,9,0,1,2,0,2,1,5,6,8
C2r C2r C3r Nd0,15,3,1,1,0,0,0,0,1,3,2,0,2,3,3,0,1,3
C2r C3r C3r Car,18,8,5,27,63,63,28,29,13,9,4,5,7,8,7,20,20,29
Car C2r C3r Nd+,0,0,0,0,0,0,0,0,0,0,0,0,0,0,0,0,5,11
C3r Nd0 Cs2 Nac,0,0,0,0,0,0,0,0,0,0,0,0,0,0,0,0,1,13
Cs3 Car Car Sul,47,0,0,0,0,0,0,0,0,0,0,0,0,0,0,0,5,311
Cs3 Car Car C3r,95,50,36,13,9,9,8,7,0,3,0,0,0,1,0,0,0,0
Cs2 Cs3 C3r Nd+,0,0,0,7,9,7,17,0,0,0,0,0,0,0,0,0,3,7
Cs2 Cs3 C3r Car,6,3,2,0,0,0,0,0,0,0,0,0,0,0,0,0,6,36
Cs3 Cs3 C3r Nd+,2,1,1,0,5,5,8,10,7,5,5,0,0,2,2,0,11,37
Cs3 Cs3 Cs3 C3r,4,2,7,10,26,61,49,33,18,12,18,11,15,17,33,76,118,281
C3r Cs3 Cs2 .=O,29,29,50,22,20,23,39,40,31,29,26,19,21,14,10,17,5,8
C3r Cs3 Cs2 O_a,0,2,4,1,0,0,0,0,0,0,0,0,0,0,0,1,0,2
C3r Car Nac Nac,10,0,0,0,0,0,0,0,0,0,0,0,0,0,0,0,0,236
C3r Car Car Sul,41,0,0,0,0,0,0,0,0,0,0,0,0,0,0,0,2,166
Nac Car C3r Nd+,6,0,1,0,0,2,1,0,0,0,0,3,1,0,0,2,11,2
Cs3 C3r C3r Nd+,2,1,7,11,3,21,31,28,38,28,28,30,30,42,39,39,48,98
Car Car Cs2 Nd+,80,61,52,24,9,3,4,0,0,0,0,3,2,11,15,55,66,73
Cs2 Cs3 Nac C2r,0,2,3,4,5,13,19,21,24,20,20,11,5,7,7,4,2,0
Nd0 Cs2 Cs3 Nac,3,10,5,14,11,9,4,2,9,12,19,18,20,26,35,26,33,32
Nac C2r C3r Nd0,37,3,5,4,3,5,8,15,2,4,8,34,33,29,30,11,24,14
Nd0 Cs2 Car Nd0,29,12,7,4,0,0,0,0,0,0,0,0,0,0,6,17,31,64
Car Sul Car Hal,1,0,0,0,0,0,2,0,2,2,0,4,2,6,11,7,25,29
Cs3 Cs2 Nd0 O_d,0,0,0,0,0,0,0,0,0,0,0,0,2,0,2,5,18,242
Nd+ Cs3 Cs3 Nd+,3,1,5,11,17,13,13,3,1,3,1,1,5,5,5,7,21,9
Cs3 Cs3 C3r O_a,3,4,11,12,86,137,69,32,10,7,0,5,5,2,15,16,44,37
C3r Cs3 Cs3 Car,0,1,3,5,3,2,0,1,0,2,1,0,6,6,5,9,12,41
Nac Car Nd0 C2r,8,2,0,0,0,0,0,0,0,0,0,1,0,0,4,2,13,32
Car Nd0 C2r C3r,167,17,3,0,0,0,0,0,0,0,0,0,0,0,0,1,0,32
Car O_a C3r C2r,7,12,5,10,21,9,10,3,5,2,2,0,0,0,0,0,1,1
Nd0 C2r C3r O_a,7,7,10,6,0,0,0,0,0,2,3,2,1,0,0,0,2,7
O_a C3r C2r .=O,5,5,8,0,3,7,27,10,3,6,3,3,0,6,12,15,23,31
Nac Nd0 Car Nac,100,0,0,0,0,0,0,0,0,0,0,0,0,0,0,0,2,75
Nd+ Cs3 Cs2 O_a,1,0,0,0,0,0,0,0,0,0,0,0,0,0,0,0,1,1
SO2 Nd0 Car Sul,11,6,3,0,0,0,0,0,0,0,0,0,0,0,0,3,0,2
SO2 Nd0 Car Nac,14,4,8,4,1,0,1,0,0,0,1,3,0,1,3,7,13,19
Sul Car Car O_d,4,0,0,0,0,0,0,0,0,0,0,0,0,0,0,0,0,2
Sul Car Cs3 Car,1,0,2,0,0,1,3,4,0,4,1,2,0,0,1,3,2,1
Cs3 Cs3 Car O_a,14,5,4,11,23,13,16,14,14,3,5,8,9,6,0,8,7,6
Cs3 Cs3 Nac Nac,30,14,17,30,26,37,53,51,51,61,42,57,38,19,12,11,10,9
Car Car SO2 Nd+,4,0,0,0,0,0,3,7,1,0,9,0,0,0,0,0,0,3
Cs3 Nd+ SO2 .=O,0,0,3,4,0,0,0,0,1,0,0,0,0,0,0,0,8,2
Cs3 Nd+ SO2 Car,0,0,0,0,0,0,0,0,0,1,2,0,0,0,0,0,0,0
C3r C3r C2r O_d,1,0,0,0,0,1,0,0,0,0,0,0,0,0,8,7,1,1
C3r SO2 Nac C2r,1,0,0,0,0,0,0,0,0,0,1,0,1,0,0,0,0,3
C3r C2r Nac SO2,13,0,0,0,0,0,0,0,0,0,0,0,0,0,0,0,0,0
C2r Nac SO2 .=O,2,1,0,0,5,8,2,5,23,10,4,10,5,0,0,2,0,2
Nac SO2 C3r Car,0,0,0,0,0,0,0,0,0,0,0,0,0,0,0,0,0,9
SO2 C3r Car Car,1,10,5,0,0,0,3,6,11,11,8,0,0,0,2,6,4,1
SO2 Nac C2r O_d,0,0,0,0,0,0,0,0,0,0,0,0,0,0,0,0,3,4
.=O SO2 C3r Car,2,10,0,4,8,1,12,7,0,3,2,0,1,5,0,4,5,11
Nd0 Cs3 Car Nd0,3,0,0,4,9,11,2,3,0,1,0,0,2,1,0,1,0,0
C3r Nac C3r Nac,2,4,5,7,1,0,4,3,0,0,0,0,0,0,0,0,2,1
C3r Nac C3r Car,74,67,36,38,83,40,35,10,24,13,33,12,7,5,0,8,6,21
C2r Nac C3r Nac,3,2,3,2,3,1,0,0,0,0,0,0,0,0,0,0,0,0
C2r Nac C3r Car,131,9,6,2,6,4,22,30,12,16,22,20,35,22,16,1,0,14
Cs2 Nac C3r Car,1,0,5,6,10,22,23,22,14,12,15,18,49,41,30,23,42,40
Car Car C3r Nac,320,157,99,59,34,44,54,34,35,23,40,51,46,36,58,89,137,297
C3r C3r Nac SO2,2,3,4,3,5,2,4,20,16,37,55,69,60,88,112,91,136,124
C3r Nac SO2 .=O,79,88,132,120,163,136,75,36,23,25,26,47,36,61,86,127,178,264
C3r Nac SO2 Nd0,0,0,2,0,4,3,1,1,0,2,0,0,0,4,0,0,0,2
Cs3 Nd0 SO2 Nac,1,0,0,0,0,0,0,0,0,0,0,0,0,0,0,0,0,0
.=O C2r C2r .=O,79,19,3,17,3,3,3,0,1,5,7,5,1,0,0,0,0,3
.=O C2r C2r Car,55,1,0,0,0,0,1,0,0,0,0,0,0,0,3,7,4,141
C2r Nac Cs3 Car,0,0,0,0,0,4,13,13,45,37,27,18,15,22,24,15,9,4
C2r C2r Nac Car,32,5,0,0,0,0,0,0,0,0,0,0,1,1,1,1,2,48
C2r C2r Nac Cs3,19,1,0,0,0,0,4,1,0,1,4,3,2,0,2,3,10,88
.=O C2r C2r Nac,13,3,0,0,0,0,0,3,4,1,0,0,0,1,3,4,14,38
Car C2r C2r Nac,28,6,0,0,0,0,0,0,0,0,0,0,0,0,0,0,3,20
C3r Nac SO2 Car,1,2,5,4,30,56,112,109,96,63,41,22,18,15,9,3,8,4
Nac Car Cs3 Car,5,3,6,7,12,25,26,36,33,30,34,18,19,9,2,3,7,10
Cs2 Cs3 O_a Car,5,0,7,15,61,26,20,15,11,9,5,6,6,7,15,30,35,32
Car Cs3 Cs3 Nac,0,0,0,2,14,36,15,9,5,4,2,3,4,0,5,11,19,45
Cs3 Nac Car O_a,12,8,2,0,0,0,0,0,0,0,0,0,0,0,0,1,12,9
Car Sul Car Sul,4,0,0,0,0,0,1,0,1,0,0,0,0,0,0,0,0,31
Nac Cs2 Cs3 Nd+,0,0,0,0,2,0,0,0,0,2,5,21,36,11,9,20,18,22
Nac C3r Cs2 Nd0,8,18,8,10,3,0,0,0,1,2,7,8,22,79,73,41,15,5
Nac C3r Cs2 .=O,23,43,57,105,88,34,8,17,6,5,8,2,3,15,28,35,41,41
Cs2 Nac C3r Cs2,1,0,3,1,8,27,75,65,46,22,12,9,15,9,0,2,1,0
Cs2 C3r Nac C3r,6,9,28,13,11,12,25,32,55,103,65,36,4,4,5,3,1,3
Car Nd0 Cs2 Cs2,5,0,0,0,0,0,0,0,0,0,0,0,0,0,2,0,7,80
Nd0 Cs2 Cs2 Csp,5,0,0,0,0,1,0,0,0,0,0,0,0,0,0,0,0,10
Nd0 Cs2 Cs2 Cs2,32,7,0,1,1,0,3,2,3,1,7,2,4,10,3,6,10,48
Cs2 Cs2 Cs2 .=O,162,26,15,13,18,11,10,7,7,11,6,9,5,4,8,4,19,65
Cs2 Cs2 Cs2 Cs3,48,4,7,7,0,0,0,0,0,3,0,0,0,0,0,0,2,78
Csp Cs2 Cs2 Cs3,7,0,0,0,0,0,0,0,0,0,0,0,0,0,0,0,0,0
C3r Nd0 Cs2 O_a,3,0,1,0,0,0,0,0,0,0,0,0,0,0,0,1,5,27
Cs3 Cs2 Nac Car,73,2,4,0,0,0,0,0,0,0,0,0,0,0,0,0,9,39
Car C3r Nd0 Cs2,0,0,0,0,0,2,18,27,23,36,18,4,2,5,10,15,6,1
C3r Nd0 C2r Nd+,27,0,3,0,0,0,0,0,0,0,0,0,0,0,0,0,2,12
C3r C3r Nd0 C2r,177,81,60,49,35,33,17,14,20,25,40,128,71,48,35,23,6,25
C3r Nd+ C2r Cs3,0,0,0,0,0,0,0,0,0,0,0,0,0,0,0,0,0,1
Car Csp Csp Cs3,36,22,11,18,9,4,9,6,4,2,5,3,2,5,6,2,9,15
Car Nac O_a Car,391,42,8,2,0,0,0,0,0,0,0,0,0,0,0,0,0,0
Cs3 Car Nac O_a,0,0,0,0,0,0,0,0,0,0,0,1,3,1,2,6,26,151
Car Car O_a Nac,363,0,0,0,0,0,0,0,0,0,0,0,0,0,0,0,0,97
Car Car Nac O_a,417,1,0,0,0,0,0,0,0,0,0,0,0,0,0,0,2,162
Csp Csp Cs3 Cs3,6,5,4,11,9,12,3,3,7,9,9,8,1,12,4,4,7,11
Csp Cs3 Cs3 Cs3,2,0,0,4,2,6,1,4,1,0,0,0,2,1,1,3,2,11
Nd0 C3r C2r Nd0,43,6,0,2,5,4,0,2,2,2,7,17,6,10,9,1,4,2
Nd0 C3r C3r Sul,25,21,24,12,1,3,0,6,56,29,12,2,5,0,0,0,0,0
C3r C2r Nd0 C3r,108,18,1,3,0,0,0,0,0,0,0,0,0,0,0,3,29,165
C3r C3r Sul Sul,0,0,0,0,0,0,0,0,0,0,0,2,0,0,0,0,0,0
C2r C3r C3r Sul,1,0,0,1,0,2,2,0,5,14,15,12,8,4,0,0,0,3
C2r Nd0 C3r C2r,69,16,2,4,1,3,4,6,7,21,10,8,10,8,11,7,9,3
C3r C3r C2r Nd0,34,66,59,45,17,15,21,18,20,16,29,41,66,21,17,15,21,15
C3r Sul Sul C3r,1,0,0,0,0,0,1,0,0,0,0,0,1,0,0,0,0,1
Cs3 Nac Car Nd0,139,2,1,0,0,0,0,0,0,0,0,0,0,0,0,0,0,144
.=O Car Car Nd0,220,2,0,0,0,0,0,0,0,0,0,0,0,0,0,0,0,39
C3r Cs3 Cs3 Nd+,0,0,0,2,3,3,8,5,2,2,2,2,2,3,11,14,30,67
Nd0 Cs3 C3r O_d,0,0,0,3,0,0,0,0,0,0,0,0,0,0,2,1,2,12
Sul Car Car Cs2,55,2,0,0,0,0,0,0,0,0,0,0,0,0,0,0,2,213
C2r C3r Nac Car,11,14,19,15,17,11,7,13,4,0,12,8,5,4,6,6,6,52
Nac Car O_a Nac,76,0,0,0,0,0,0,0,0,0,0,0,0,0,0,0,0,5
Nac C3r C2r Nd0,18,15,8,17,8,7,20,4,1,0,0,5,7,9,10,22,2,6
Nac C3r C2r .=O,5,12,26,18,16,6,2,0,0,1,10,16,9,12,25,40,63,93
Nac Cs2 Cs3 Car,0,3,6,19,14,6,5,7,2,5,3,5,0,9,11,12,8,16
Car SO2 Nd0 C3r,1,2,4,5,15,6,17,13,5,0,0,1,1,0,0,0,0,0
C3r C3r Nd0 SO2,0,0,0,0,2,2,12,2,11,9,11,18,15,13,4,6,5,12
C3r Nd0 SO2 .=O,4,1,9,6,21,25,18,13,4,5,3,3,4,6,5,19,26,44
Nd+ Car Car Nd0,95,0,0,0,0,0,0,0,0,0,0,0,0,0,0,0,0,6
Nd0 Car Car SO2,108,2,0,0,0,0,0,0,0,0,0,0,0,0,0,0,0,6
Cs2 C3r Nd+ C3r,0,0,1,4,4,15,6,6,7,13,6,11,7,4,9,11,29,76
C3r Nd+ C3r Nac,1,0,0,0,0,0,0,0,0,0,0,0,0,0,0,0,0,0
C3r Nd+ C3r Sul,2,9,1,3,1,0,0,0,0,0,0,0,0,0,0,0,0,0
C2r Nac C3r Nd+,7,5,2,2,0,0,0,0,0,0,0,0,0,0,0,0,0,3
C2r Nac C3r Cs2,9,3,3,4,11,8,5,2,8,1,6,5,2,3,1,0,3,1
Nd+ C3r Nac C3r,0,0,0,0,0,0,1,1,0,0,0,0,0,0,0,0,0,0
Nd+ C3r Sul C3r,8,7,1,2,0,0,0,0,0,0,0,0,0,0,0,0,0,0
Sul C3r C3r Cs2,0,0,0,0,3,3,14,13,12,1,0,1,0,0,8,18,15,7
Cs3 Car O_a Nac,0,0,0,0,0,0,0,0,0,0,0,1,0,1,3,11,23,207
Cs2 Nac Cs3 Cs2,0,0,2,3,5,6,4,4,5,3,1,3,0,1,2,0,2,5
Cs3 Nac Cs2 Car,160,30,10,3,3,2,0,0,0,1,0,3,0,3,2,6,26,178
Nac Cs2 Car Nac,19,10,11,8,6,14,11,12,2,3,4,6,7,8,4,6,4,14
C3r O_a Cs3 Cs2,1,0,1,0,0,2,0,1,0,0,0,0,3,2,0,1,0,0
O_a Cs3 Cs2 Nd0,35,18,23,14,4,1,0,2,1,2,2,14,21,7,9,14,3,6
Cs3 Cs3 Cs2 Nd+,0,0,0,0,0,0,0,0,0,1,1,2,3,0,0,1,0,0
Cs3 Cs2 Nd+ Cs3,0,0,0,0,0,0,0,0,0,0,0,0,0,0,0,0,1,0
Cs2 Nd+ Cs3 Cs3,0,0,4,0,2,3,0,1,1,1,2,1,2,2,1,1,0,2
Cs2 Nd+ Cs3 Cs2,1,0,0,0,0,0,0,0,0,0,0,0,0,0,0,0,0,0
.=O Cs2 Nd+ Cs3,27,3,0,0,0,0,0,0,0,0,0,0,0,0,0,0,0,0
C2r Nac SO2 Car,7,2,0,1,1,2,0,0,0,0,0,0,0,0,0,0,0,2
C2r Car Car SO2,11,6,0,1,0,0,0,0,0,0,0,0,0,0,0,0,1,0
Car C2r Nac SO2,9,0,0,0,0,0,0,0,0,0,0,0,0,0,0,0,0,3
SO2 Nac C2r .=O,0,0,0,0,0,0,0,0,0,0,0,0,0,0,0,0,0,3
Cs3 Cs3 Sul Car,4,2,0,2,7,11,18,23,30,21,8,2,3,1,3,2,12,11
Cs2 Cs3 Cs3 Sul,1,2,4,5,13,13,1,4,1,0,1,1,1,2,2,5,12,39
Cs3 Sul Car Car,27,23,15,19,13,31,16,24,22,17,24,20,24,17,21,14,32,43
Nd0 Cs3 Cs2 O_a,2,3,3,4,1,1,0,0,2,3,0,2,1,2,4,5,12,6
Car Car C2r O_a,38,8,7,3,0,1,0,0,0,0,0,0,0,1,3,6,5,41
Car C2r O_a C3r,11,3,0,0,0,0,0,0,0,0,0,0,0,0,0,6,2,27
C2r Nac C3r Cs3,1,3,1,6,7,1,32,9,14,24,37,39,21,21,14,6,26,15
Nac C2r O_a C3r,56,15,9,0,0,0,0,0,0,0,0,0,0,1,0,5,6,13
C3r Nac C2r O_a,65,8,4,1,0,0,0,0,0,0,0,0,0,0,0,0,2,8
Car Car SO2 Cs3,13,6,7,11,16,31,49,51,77,84,50,49,23,19,11,6,8,9
Nac Nd0 Car .=O,0,0,0,1,0,0,0,1,0,5,0,3,3,6,0,10,18,43
Nac Car Nac Nd0,103,0,0,0,0,0,0,0,0,0,0,0,0,0,0,0,0,34
Cs3 C3r Nd0 C2r,0,0,0,0,0,1,3,9,10,22,58,44,23,22,22,17,13,12
Cs3 Cs3 C3r Nd0,0,0,0,3,15,42,42,14,0,0,0,0,2,1,1,2,11,48
C3r Cs3 Cs3 O_d,3,4,11,32,57,66,33,10,3,3,2,3,3,0,1,5,2,12
Nd0 C3r Cs3 O_d,0,0,7,7,10,4,0,0,0,0,0,0,0,0,0,0,3,19
.=O C2r Nd+ C2r,0,0,0,0,0,0,0,0,0,0,0,0,0,0,0,0,0,38
.=O C2r C2r Sul,18,5,0,0,0,0,0,0,0,0,0,0,0,0,0,0,0,31
.=O C2r C2r Cs2,250,59,39,25,6,2,3,0,1,1,0,0,0,0,0,0,0,0
C2r Nd+ C2r Nd0,8,0,0,0,0,0,0,0,0,0,0,0,0,0,0,0,2,75
C2r Nd+ C2r Sul,14,0,0,0,0,0,0,0,0,0,0,0,0,0,0,0,0,0
C2r C2r Cs2 Car,42,19,11,4,9,6,1,0,0,0,1,2,5,8,5,18,46,135
Nd+ C2r C2r Sul,4,0,4,0,0,0,0,0,0,0,0,0,0,0,0,0,0,0
Nd+ C2r C2r Cs2,0,0,0,0,0,0,0,0,0,0,0,0,0,0,0,1,4,5
Nd+ C2r Nd0 Cs3,17,6,1,0,0,0,0,0,0,0,0,0,0,0,0,0,0,8
Nd+ C2r Sul C2r,13,0,0,0,0,0,0,0,0,0,0,0,0,0,0,0,0,9
C2r Nd+ C2r C2r,34,0,0,0,0,0,0,0,0,0,0,0,0,0,0,0,0,2
C2r Nd0 Cs3 Car,1,0,0,0,0,0,2,3,0,0,0,0,0,0,0,1,0,1
Nd0 Cs3 Car Sul,6,2,0,2,1,2,4,4,2,6,2,0,0,0,0,2,1,3
Cs3 Nd0 C2r Sul,6,0,1,0,0,0,0,0,0,0,0,0,0,0,0,0,2,2
Sul C2r Cs2 Car,18,7,0,1,0,0,0,0,0,0,0,0,0,0,0,0,0,4
C2r Cs2 Car Car,20,15,20,28,16,17,12,13,22,25,10,11,14,14,25,28,45,87
C2r C3r Nac Cs3,2,4,0,5,5,2,2,2,2,1,6,1,6,3,11,16,16,30
C2r C3r Nac C2r,71,16,14,14,29,25,14,12,3,9,10,15,23,10,10,0,3,4
Cs3 C3r C2r Nd0,0,1,2,1,8,8,12,10,5,15,46,45,27,21,14,11,9,21
Sul Cs3 Car Nac,1,1,0,0,0,3,6,7,7,9,7,0,0,1,0,0,0,1
Sul Cs3 Car O_a,1,0,0,0,0,0,0,0,0,0,0,0,0,0,0,0,0,0
Car Sul Cs3 Car,1,0,7,0,5,11,6,6,2,0,3,3,2,3,8,8,10,15
Car Cs2 Car Car,66,71,79,68,85,76,69,37,26,18,36,68,86,82,72,79,69,112
C3r C3r Cs3 O_a,6,13,5,28,34,61,77,32,33,13,19,16,12,20,22,29,41,76
C3r Cs3 O_a Car,3,0,2,0,1,3,3,5,1,1,4,7,13,6,27,27,44,36
C2r Car Car Cs2,1,0,0,0,0,0,0,0,1,1,0,0,0,0,0,0,0,0
C3r Nac Cs3 Car,0,4,8,15,14,36,22,39,59,39,26,7,8,6,2,2,2,1
Cs3 Nac C3r Car,0,0,0,10,20,10,19,4,2,8,3,2,0,0,1,1,16,76
C3r C3r Cs2 Nac,4,1,7,8,23,29,29,23,19,13,17,15,18,30,27,19,30,21
C3r Cs2 Nac C3r,121,14,7,3,0,1,0,0,0,0,0,0,0,1,0,2,12,129
Nac Cs2 C3r Nac,0,0,0,0,0,0,0,0,0,0,0,0,0,0,0,5,9,2
Car Car C2r Car,316,16,24,22,54,21,12,1,0,0,0,12,34,46,21,25,21,300
C2r Car Car Sul,12,0,0,0,0,0,0,0,0,0,0,0,0,0,0,0,0,36
Nac Car C3r Nac,10,4,4,7,5,2,34,7,0,12,14,19,0,8,0,6,12,26
Nac C3r Cs3 Cs2,0,3,4,7,6,18,16,2,0,1,0,0,0,0,0,0,2,5
Sul Car Cs2 Cs2,3,2,1,0,0,0,0,0,0,0,0,0,0,0,0,2,1,0
Car Cs2 Cs2 SO2,0,0,0,0,0,0,0,0,0,0,1,0,0,0,1,2,0,1
Cs2 Cs2 SO2 .=O,2,2,0,1,0,0,3,0,0,0,1,1,0,1,0,0,0,5
Cs2 Cs2 SO2 Nd0,0,0,0,0,0,0,0,0,0,0,0,0,0,0,0,0,0,1
Cs2 SO2 Nd0 C3r,1,0,0,0,0,0,0,0,0,0,0,0,1,0,0,0,0,0
SO2 Nd0 C3r C2r,0,0,0,0,3,3,8,7,0,2,1,1,0,0,0,0,0,0
.=O SO2 Cs3 Car,1,1,2,15,16,26,20,10,5,1,2,0,1,3,2,6,8,22
SO2 Cs3 Car Car,2,3,1,1,1,11,8,19,21,25,18,8,12,0,2,2,1,3
Cs3 SO2 Nac C3r,0,2,0,4,1,11,15,29,23,20,11,12,8,5,5,2,3,4
Car Cs3 SO2 Nac,1,0,0,0,0,0,0,0,0,0,0,0,0,0,0,0,1,5
C3r Cs2 Cs2 Cs2,1,0,0,0,0,0,0,0,0,0,0,0,0,0,0,0,4,12
Cs2 C3r Cs3 Car,0,6,1,2,0,0,0,0,0,0,0,0,0,0,0,0,0,0
Cs2 Cs2 Cs2 Cs2,5,0,1,0,1,0,0,0,5,0,0,5,1,5,11,17,17,211
Cs2 Cs2 C3r Cs3,1,0,0,1,0,1,1,0,0,0,0,0,0,0,0,0,0,0
O_d C3r Car Car,13,3,11,7,8,8,23,19,23,23,13,20,11,9,7,11,3,14
C3r Nac Car O_a,23,6,2,2,0,0,0,0,0,0,0,0,0,0,1,2,5,23
.=O C2r Sul C3r,0,1,0,2,0,0,1,0,0,0,0,1,4,5,9,9,13,15
C2r Sul C3r C3r,15,22,37,20,1,0,0,1,2,2,2,2,3,1,1,0,4,1
Nd0 C2r Sul C3r,53,11,5,0,0,0,0,0,0,0,0,0,0,0,2,0,6,34
C3r Nd0 C2r Sul,21,13,1,0,0,0,0,0,0,0,0,0,0,0,0,0,0,0
O_d C3r O_a C3r,4,10,48,31,9,6,1,1,5,4,1,0,2,3,2,1,17,40
C3r O_a C2r C2r,22,38,23,4,2,0,3,2,0,1,0,1,1,1,2,6,16,25
O_a C2r C2r C2r,34,7,8,2,1,1,0,0,0,0,0,0,0,1,1,0,5,18
Cs3 C2r C2r C2r,21,0,0,0,0,0,0,0,0,0,0,0,0,1,0,4,8,242
Car Nac Cs2 Nac,2,0,0,0,0,0,1,0,0,0,0,0,0,0,0,0,0,1
Nac Cs2 Nac Cs3,4,1,2,0,1,0,0,0,0,0,0,0,0,0,0,0,2,4
C2r C3r Nac C3r,16,10,19,19,19,14,14,18,2,2,4,18,18,22,7,21,19,16
Nac C2r C3r Cs3,0,6,0,9,12,19,47,47,68,50,20,13,7,4,7,7,6,16
Nac C2r C3r Nac,58,30,34,10,3,2,0,1,0,0,0,1,0,1,4,6,6,9
Car Nd0 Cs2 C3r,2,1,0,0,0,0,0,0,0,0,0,0,0,0,1,5,16,257
Nd0 Cs2 C3r Cs2,8,2,0,0,0,0,0,0,0,0,0,0,0,0,0,0,1,9
Cs2 C3r Cs2 .=O,9,2,0,0,0,0,0,0,0,0,0,0,0,0,0,0,2,8
.=O C2r C3r Nd+,2,3,13,18,11,15,6,2,0,0,3,2,13,1,5,11,18,40
C3r C2r C3r Nd+,4,0,0,0,2,4,0,0,0,0,0,0,0,0,0,0,1,1
C3r C2r C3r Cs3,0,0,2,5,4,2,10,8,6,6,8,7,3,7,10,6,9,12
Cs2 Car Car C3r,69,28,12,5,3,2,0,1,0,0,0,0,0,0,0,0,0,0
C3r Nd0 Cs2 Nd0,8,0,1,0,0,0,0,0,0,0,0,0,0,0,0,0,9,79
.=O Cs2 C3r O_a,33,40,41,29,25,18,23,16,14,12,12,15,17,23,28,39,42,53
O_d C3r Cs2 Nd0,0,0,0,0,0,0,0,0,0,0,0,0,0,0,0,0,4,1
O_a C3r Cs2 Nd0,20,2,3,1,1,0,1,1,0,2,7,8,3,2,1,0,0,2
Nac Cs3 Cs3 Nd+,8,8,12,12,11,3,3,6,1,1,1,0,2,1,6,7,12,16
Cs2 Car Nac O_a,0,0,0,0,0,0,1,1,0,2,3,0,3,0,3,3,6,14
C3r C3r Cs3 SO2,1,2,0,1,1,0,0,2,0,0,0,1,1,0,0,0,3,6
C3r Cs3 SO2 .=O,2,1,0,4,4,4,1,1,0,0,0,0,0,0,1,1,3,2
C3r Cs3 SO2 Nac,1,0,0,0,0,0,0,0,0,0,0,0,0,0,0,0,0,0
C3r Car O_a Nac,0,0,0,0,0,0,0,0,0,0,1,1,2,2,0,3,2,16
O_a Car C3r C3r,4,3,1,3,6,8,4,2,2,2,2,2,1,3,4,2,4,14
Car C3r C3r O_d,1,0,1,0,2,21,32,34,94,38,12,22,14,4,4,10,6,10
Car C3r O_a C3r,9,1,6,9,9,12,2,8,2,17,17,22,5,3,4,6,13,59
Nac Car C3r O_a,2,0,0,1,1,5,11,2,2,9,18,1,0,1,0,0,1,2
Nd0 Car C3r O_a,0,0,7,11,1,0,0,0,0,0,0,0,0,0,0,0,0,0
C2r Car Car O_a,118,2,0,0,0,0,0,0,0,0,0,0,0,0,0,0,0,5
Nac SO2 Nac C3r,3,2,0,0,0,0,0,2,0,1,1,0,0,0,0,0,0,0
Nac SO2 Nac Cs3,0,0,0,0,0,0,2,0,0,0,1,0,0,0,2,0,0,3
Nac C3r Cs3 O_a,0,0,1,2,6,0,3,3,0,0,0,0,2,0,0,1,0,1
SO2 Nac C3r Cs3,0,1,1,1,1,2,5,0,4,5,9,2,2,5,0,0,0,0
SO2 Nac Cs3 Car,0,0,0,3,3,2,6,21,13,6,6,3,2,1,7,3,0,2
C2r C3r C3r O_d,0,3,1,20,23,28,19,11,3,4,0,0,4,13,25,10,39,47
O_d C3r C3r Nd+,3,3,5,9,42,156,128,59,33,36,23,19,19,7,11,14,11,60
Cs3 Nac Cs3 Cs2,1,1,3,4,3,10,11,15,17,10,4,6,2,0,4,1,1,4
Car Cs2 Car Nac,15,3,6,3,3,7,3,0,0,0,3,0,0,0,0,3,1,1
O_d Cs3 Nd+ Cs3,0,3,0,0,1,0,0,0,0,0,0,0,0,0,0,0,0,0
Nd0 Cs2 Cs3 C3r,1,1,1,3,2,0,0,5,4,11,12,7,6,8,7,20,12,8
Car Cs2 Car Sul,34,3,0,0,0,0,0,0,0,0,0,0,0,0,0,2,2,2
Car C3r Cs2 Nd0,2,0,0,0,0,2,0,3,12,2,0,0,0,0,0,0,0,1
Cs2 C3r Nd0 Cs2,1,0,0,1,3,4,7,3,1,3,3,7,3,3,0,0,0,0
Nd0 Cs2 C3r Nd0,19,4,2,1,3,15,2,0,0,0,0,0,0,1,5,0,1,3
Nac Nac Nac Nac,183,73,47,21,25,1,3,5,3,1,0,0,0,0,1,1,0,3
.=O Cs2 C3r Nd0,4,6,4,5,6,2,0,1,0,0,5,2,9,13,6,4,10,21
Nd0 Cs2 Nac Cs2,6,0,0,0,0,0,0,0,0,0,0,0,0,0,0,0,0,0
Cs2 Nac Cs2 Car,1,0,0,0,0,0,0,0,0,0,0,0,0,0,0,0,1,1
Cs2 Nac Cs2 .=O,11,2,1,0,0,0,0,0,0,0,0,0,0,0,0,0,0,9
Car C2r C2r Nd0,104,1,0,0,0,0,0,0,0,0,0,0,0,0,0,0,2,68
Car C2r Cs2 Car,25,2,0,0,0,0,0,0,0,0,0,0,0,0,0,0,7,27
Car Nd0 C2r C2r,129,6,1,5,1,0,0,0,0,0,0,0,0,0,1,3,7,30
Cs2 C2r C2r Nd0,0,0,0,0,0,0,0,0,0,0,0,0,0,0,4,0,14,183
C3r C2r Nd+ C3r,13,1,0,0,0,0,0,0,0,0,0,0,0,0,0,0,0,3
Cs3 C3r Nd+ C2r,1,4,5,2,0,2,8,3,8,13,8,12,18,9,16,10,8,4
Cs3 C3r C2r Nd+,1,0,2,0,2,2,1,0,1,1,0,0,0,0,0,0,0,0
Nd+ C2r C3r O_a,8,3,0,0,0,0,0,0,0,0,0,0,0,0,0,0,0,1
Car Nd0 Nac Nac,24,0,0,0,0,0,0,0,0,0,0,0,0,0,0,0,0,0
Nd0 Nac Nac Nac,5,0,0,0,0,0,0,0,0,0,0,0,0,0,0,0,0,1
C3r Nac C2r Nac,57,13,27,12,0,0,0,0,0,0,0,0,0,0,0,3,1,11
C3r Nac Cs3 Cs2,1,0,5,6,6,17,19,24,19,6,10,2,0,0,0,0,0,0
C3r C2r C2r Nac,56,9,6,4,0,1,0,0,2,3,3,0,0,1,0,0,2,14
Nac C3r C2r C2r,66,16,24,12,4,5,0,0,0,0,0,1,4,7,10,6,3,13
Nac C3r C2r Cs2,0,0,0,0,0,0,0,0,0,0,0,0,0,0,0,3,5,9
Nac C2r Nac C2r,41,2,1,0,0,0,0,0,0,0,0,0,0,0,0,0,0,1
Nac C2r Nac Car,18,1,2,0,0,0,0,0,0,0,0,0,0,0,0,0,4,45
C2r Nac C2r C2r,220,4,2,0,0,0,0,0,1,3,3,2,2,4,5,8,8,30
C2r Nac C2r Cs3,0,0,0,0,0,0,0,0,0,0,0,0,0,0,0,0,0,26
Nac C2r Nac Cs3,1,0,0,0,0,0,0,0,0,0,1,0,0,2,3,21,22,38
Nac C2r C2r Cs2,2,0,0,0,0,0,0,0,0,0,0,0,0,1,3,0,5,54
C2r C2r Cs2 Cs3,5,5,1,3,2,2,0,0,0,0,0,0,0,1,5,0,5,8
Cs2 C2r C2r Cs3,167,46,32,12,6,7,6,2,1,4,0,0,0,1,0,0,0,0
Car Nac C2r Cs3,5,0,0,0,0,1,0,0,0,0,0,0,0,0,0,0,0,22
Cs2 C3r Car Nac,1,0,0,0,0,0,0,0,0,0,0,0,0,0,0,0,0,0
Car C3r Cs2 Nac,0,0,0,0,0,0,1,0,1,0,0,0,0,0,0,0,0,0
Nac Cs3 Car O_a,0,0,0,0,2,3,5,4,2,2,0,0,1,1,2,0,0,1
C2r O_a C3r Cs3,1,0,4,6,10,6,9,7,18,15,23,15,16,19,27,30,21,23
C2r Nd0 C2r C3r,198,15,0,1,0,0,0,0,0,0,0,0,0,0,0,0,1,7
C2r Nd0 C2r .=O,0,0,0,0,0,0,0,0,0,0,0,0,0,0,0,9,32,461
Nd0 Cs2 Cs2 .=O,45,1,0,12,8,2,1,0,1,0,1,2,1,6,11,4,0,5
Cs3 Cs2 Cs2 Car,42,7,3,0,0,0,1,0,0,0,0,0,0,0,2,5,11,40
Car Cs2 Cs2 Car,55,19,0,0,5,1,0,1,0,0,0,0,0,0,0,1,35,121
O_a Cs3 Cs3 Nd+,6,2,7,7,26,39,45,40,28,37,15,8,6,15,13,8,5,15
C2r C3r C2r Nac,108,5,6,3,0,0,0,1,0,0,0,0,2,1,0,9,0,12
C2r C3r C2r .=O,25,20,0,3,3,7,5,18,20,8,10,5,3,4,13,7,19,87
C2r Nac Car Nac,29,2,0,0,1,2,0,0,0,1,0,0,4,0,1,1,15,57
C3r C2r Nac Nac,120,14,0,1,0,0,0,0,0,0,0,0,0,0,0,0,0,10
C2r C3r C2r Cs3,0,0,0,0,1,0,0,0,0,0,0,0,0,0,0,0,0,15
C2r Nac Nac Car,1,0,0,1,0,0,0,0,0,0,0,0,0,0,5,3,3,20
Cs3 Cs3 Csp Nac,4,5,5,6,5,3,2,1,2,0,3,1,4,2,1,1,2,7
Csp Cs3 Cs3 Car,4,5,0,0,0,0,0,0,0,0,0,0,0,0,0,0,0,0
Csp Cs3 Cs3 Nd0,1,0,0,0,0,0,0,0,0,0,0,0,0,0,0,0,1,3
Nac Nac C2r .=O,9,0,0,0,0,0,0,0,0,0,0,0,0,0,0,2,8,75
.=O C2r C2r C3r,20,5,1,0,0,0,1,3,3,3,0,0,0,1,0,3,21,70
C2r C2r Cs2 C3r,1,0,0,0,0,0,0,0,0,0,0,0,0,0,0,0,0,3
Car C2r C2r Cs2,4,0,0,0,0,0,0,0,0,0,0,0,0,0,0,0,0,25
C2r Cs2 C3r C3r,0,0,0,0,0,0,0,0,0,0,0,1,0,0,0,0,0,2
Nac Cs2 C3r O_a,1,2,0,1,0,0,0,0,0,0,0,1,0,0,0,2,0,0
Nd+ Cs3 Car Sul,1,0,0,1,0,0,0,3,4,0,4,1,0,0,0,0,0,1
Sul Car Nac Nac,240,3,3,0,0,0,0,0,0,0,0,0,0,0,0,0,0,80
Nac Cs2 Cs3 O_a,0,0,0,0,0,0,0,0,1,0,0,0,0,0,1,4,2,4
.=O Cs2 Nac C2r,5,0,0,0,0,0,0,0,0,0,0,0,0,1,5,5,2,13
Cs2 Nac C3r C2r,1,9,14,6,2,0,1,1,3,3,8,1,0,4,1,15,4,9
Cs2 Nac C2r Car,6,2,2,0,0,0,0,0,0,0,0,0,0,0,0,0,0,0
Cs2 Nac C2r Nd+,0,0,0,0,0,0,0,0,0,0,1,1,1,0,0,0,0,1
Nac Cs2 Nac C2r,2,8,1,0,0,0,0,0,0,0,0,0,0,0,0,0,0,0
Nac Cs2 Nac C3r,4,5,3,10,3,2,0,0,0,0,0,0,0,2,9,10,9,22
Nac C2r Nd+ C3r,68,6,1,0,0,0,0,0,0,0,0,0,0,0,0,0,0,10
Car C2r Nd+ C3r,18,0,0,0,0,0,1,0,0,0,0,0,0,0,0,0,3,22
Car Car C2r Nd+,14,16,9,11,4,2,0,0,0,1,0,0,1,9,5,12,17,11
C3r Nac C2r Nd+,64,21,3,1,1,0,0,0,0,0,0,0,0,1,0,1,6,33
Nd0 C3r Nd0 Car,2,0,3,5,8,2,1,0,0,0,0,0,0,0,0,0,1,0
Nd0 C3r Nd0 C2r,2,0,0,0,1,2,0,0,0,0,0,0,0,0,0,0,0,0
Car C3r Nd0 Car,0,0,0,3,2,14,6,6,3,1,0,0,1,0,2,14,3,8
Car Cs2 Cs3 Sul,0,0,0,3,1,2,0,0,0,0,0,0,1,4,1,0,2,11
Nd+ Cs3 Car Nd0,1,0,1,5,2,6,1,5,4,3,2,0,0,0,0,0,0,1
Cs3 Car Nd+ Car,0,0,0,0,0,0,1,0,0,0,0,0,0,2,2,4,8,22
Cs2 C2r Nac C3r,0,0,0,0,0,0,2,1,1,1,5,5,3,2,2,5,7,19
Cs2 C2r C3r Sul,0,0,3,0,0,0,0,0,0,0,1,0,0,0,0,0,0,0
C3r C3r Cs3 Cs2,5,7,4,7,19,46,56,53,15,13,7,7,7,9,8,31,51,56
C3r C3r Sul Cs3,3,0,0,2,6,0,2,1,0,1,0,0,1,2,1,3,4,10
Nac C2r Cs2 .=O,19,4,1,5,0,9,9,6,2,4,4,11,8,1,5,3,7,18
Nac C2r C3r Sul,17,1,1,0,0,0,0,0,1,1,0,0,3,0,1,0,0,0
Cs3 C3r C3r Sul,0,0,0,0,0,1,0,0,0,0,0,2,1,0,0,0,2,2
Sul Cs3 Cs2 O_a,0,0,0,0,0,0,0,0,0,0,0,0,1,0,0,0,0,0
Nd0 Car Cs3 Car,2,0,1,2,4,7,3,3,5,6,3,4,6,4,0,0,1,3
Nd0 Car Cs2 C2r,59,30,13,3,1,0,0,0,0,0,1,0,0,1,2,1,0,1
Car Cs2 C2r Nd0,22,14,5,6,1,1,0,0,0,0,0,0,0,0,0,0,0,0
Cs2 C2r C2r C2r,1,0,0,0,0,0,0,0,0,0,0,1,0,5,6,11,46,219
Nd0 C2r C2r C2r,243,20,2,0,3,3,4,0,1,2,0,0,1,1,2,5,7,73
Nd0 C2r C2r Cs3,8,0,0,0,0,2,0,0,0,1,0,2,6,3,0,2,5,95
C2r C2r C2r C2r,741,29,13,7,7,9,0,0,0,1,3,0,0,1,5,19,63,241
C2r C2r Cs2 Cs2,49,17,9,6,0,2,6,3,2,3,2,6,1,1,3,10,22,38
Cs3 C2r C2r .=O,80,7,4,0,0,2,0,5,0,2,0,0,0,0,0,0,0,2
Cs2 C2r C2r Cs2,51,19,11,7,5,1,0,0,1,1,1,5,5,1,5,0,0,1
Nd0 Cs2 C3r Nd+,11,4,1,0,2,1,0,2,0,0,2,0,16,33,24,10,6,16
C3r Nd0 Cs2 C3r,2,0,0,0,0,0,0,0,0,0,0,0,0,0,1,1,9,90
Nac Car C2r Nd0,13,4,0,0,0,0,0,0,0,0,0,0,0,0,0,0,2,6
Car Car C3r O_a,48,32,48,27,19,37,24,21,38,26,27,33,36,29,31,42,27,42
O_a C3r Cs3 O_a,2,0,0,4,3,12,16,9,5,0,1,3,1,4,7,2,0,7
C3r Cs3 O_a Cs3,1,0,2,2,3,3,0,3,0,0,0,0,0,3,8,9,14,13
Car Car Cs3 Sul,10,8,8,2,1,17,21,39,22,35,25,28,13,1,2,7,9,11
Car Cs3 Sul Cs3,1,0,0,10,9,8,3,0,1,0,0,0,2,0,2,1,3,7
Cs2 Cs3 Cs3 Nd+,1,0,1,3,9,5,4,1,4,4,0,1,1,8,15,14,27,17
Nac Cs3 C3r Car,0,0,0,0,12,4,0,0,0,0,0,0,0,0,0,0,0,9
C3r Car Car Hal,60,23,7,1,3,1,0,0,0,0,0,0,0,0,0,0,0,0
Nac Nd0 Car Cs3,0,0,0,0,0,0,1,0,0,0,2,1,5,7,16,14,26,49
C3r Nd+ Cs3 Csp,0,0,0,0,0,0,0,0,0,3,0,2,0,0,1,0,0,1
Csp Csp Cs3 Nd+,0,0,0,0,1,1,0,0,1,1,0,0,0,0,3,1,0,8
Cs3 Cs3 Nac .=O,1,0,0,0,0,0,1,0,1,0,0,0,2,0,0,0,0,1
Car Cs2 Nac .=O,1,0,0,0,0,0,0,0,0,0,0,0,0,0,0,0,0,0
Nd0 Car Car Sul,49,1,0,0,0,0,0,0,0,0,0,0,0,0,0,0,1,110
Sul Car Nd0 Cs3,16,4,1,0,1,0,0,0,0,0,0,0,0,0,0,0,1,4
Nac Car Car SO2,28,0,0,0,0,0,0,0,0,0,0,0,0,0,0,0,0,101
Nac C3r C3r Csp,3,0,0,0,0,0,0,0,1,0,0,0,0,0,0,0,0,0
C3r C3r Csp Csp,7,6,8,1,4,5,5,4,8,6,1,6,2,2,6,3,4,5
C3r Csp Csp Cs3,1,0,0,0,0,0,1,0,0,0,0,0,0,0,1,0,0,1
Csp C3r Nac C3r,2,0,0,0,0,0,0,0,0,0,0,0,0,0,0,0,0,0
Car Car Sul C3r,23,12,10,4,3,2,6,4,7,7,4,6,0,3,7,8,22,25
Car Sul C3r C3r,1,7,14,5,0,5,4,4,5,0,1,0,1,2,8,10,4,12
SO2 Car Car Sul,3,0,0,0,0,0,0,0,0,0,0,0,0,0,0,0,0,9
SO2 Nd0 Cs2 C3r,0,0,0,0,0,0,0,0,0,0,0,0,0,0,0,2,8,15
Nd0 SO2 C3r C3r,0,2,0,4,4,7,1,3,5,17,0,1,2,6,0,3,12,12
Cs2 C3r Nd0 C2r,0,0,0,0,0,0,2,2,5,4,3,2,3,3,3,2,0,1
Cs2 C3r C3r C2r,3,3,0,0,2,1,2,3,0,3,3,2,0,1,1,1,4,7
Cs2 Nd0 SO2 C3r,0,0,0,0,0,0,0,0,0,0,0,0,0,0,0,0,1,20
Nac Cs2 O_a C3r,0,0,0,0,0,0,0,0,0,0,0,0,0,0,0,2,0,0
O_a Cs2 Nac Car,17,4,0,0,0,0,0,0,0,0,0,0,0,0,0,0,1,14
C2r C3r C2r C2r,84,14,16,21,3,4,6,4,8,16,21,8,1,6,2,4,4,49
Nd+ C3r C3r Cs2,2,4,5,5,0,6,2,2,3,6,1,12,3,4,5,2,17,45
C3r Cs2 Nac Cs3,24,3,1,0,0,0,0,0,0,2,0,0,0,0,0,1,5,41
O_a Cs3 Cs3 O_a,1,3,1,5,7,11,41,15,25,19,13,9,11,7,11,9,13,13
.=O Cs2 Cs2 Cs3,6,1,3,3,0,1,0,1,1,0,0,0,2,1,0,0,0,6
Cs2 Cs2 Cs3 Cs2,0,0,0,0,0,0,0,1,4,5,0,2,1,3,3,1,4,5
Car O_a Car .=O,0,0,0,0,0,0,0,0,0,0,1,0,1,5,4,6,11,54
O_a C2r C3r Nac,10,5,0,0,0,0,0,0,0,0,0,0,0,0,0,0,0,0
C3r Nac C2r C2r,110,20,18,10,5,1,0,0,0,0,0,3,1,1,1,5,6,42
.=O C2r C3r O_d,7,6,21,24,24,10,4,3,5,9,23,18,3,0,0,0,0,4
O_a C3r C2r Cs3,0,0,0,0,5,6,2,1,5,0,0,0,0,2,2,0,1,6
C3r C2r C3r O_a,1,1,0,0,0,3,0,1,0,0,0,0,1,2,0,1,3,0
O_d C3r C2r Cs3,0,0,1,0,1,0,0,0,0,0,0,0,0,0,0,0,0,1
C2r C3r C2r C3r,3,1,1,0,1,2,4,5,3,3,0,0,2,0,0,0,0,3
C3r Cs3 Cs3 C3r,5,1,0,1,0,0,0,0,0,1,0,0,0,0,1,3,5,17
Car Nd0 Cs2 Nac,0,0,0,0,0,0,0,0,0,0,0,0,2,2,5,13,16,73
Cs2 Nac C2r C2r,0,0,0,0,0,0,0,0,0,0,0,0,0,0,0,0,0,10
C2r Nac Cs2 Nd0,7,0,0,0,0,0,0,0,0,0,0,0,0,0,0,0,0,0
C3r Nac Cs2 Nd0,107,14,8,2,2,0,1,0,0,0,0,0,0,0,2,12,12,132
Nac C2r C2r Nac,41,13,5,1,0,0,0,0,0,0,0,0,0,0,0,0,0,19
Nac Car Csp Nac,8,6,2,2,2,2,2,1,0,0,1,0,0,1,1,5,7,5
O_a C3r C2r Nac,14,11,2,3,4,0,1,2,0,0,3,16,2,0,0,8,1,1
Cs3 O_a C3r O_a,1,0,3,3,5,5,50,46,24,7,6,1,3,2,0,2,1,2
Car Cs3 O_a C3r,1,0,0,3,1,3,1,0,5,0,0,3,0,0,1,4,4,12
O_a Cs3 Car Nac,4,3,6,5,14,21,15,13,9,12,15,13,14,19,7,20,13,12
Nac Nac C3r O_a,1,0,0,0,0,0,0,0,5,3,3,1,0,0,0,0,1,1
Car Nac Cs2 C3r,12,1,0,0,0,0,0,0,0,0,0,0,0,0,0,0,0,0
Sul Car SO2 Nac,0,0,0,0,0,0,0,4,6,3,0,0,0,0,0,0,8,3
C2r C2r Nac SO2,5,0,0,0,2,0,0,0,0,0,0,0,0,0,0,0,1,6
Nac C2r Cs3 Nd+,0,0,0,0,0,1,0,0,0,0,0,0,0,0,0,0,0,1
Nac Csp Cs2 Car,1,1,0,0,0,0,0,0,0,0,0,0,0,0,0,0,0,0
Csp Cs2 Car Car,1,0,0,0,0,0,0,0,0,0,0,0,0,2,0,0,0,0
Car Nd0 C3r Cs3,1,2,3,7,0,0,1,0,4,9,2,0,4,3,5,4,6,4
Nd0 C3r C3r Nd0,117,3,0,0,23,5,11,11,3,0,0,5,11,0,1,0,0,1
Nd0 C3r Cs3 Nd0,0,1,0,2,7,1,0,2,0,1,0,0,0,0,0,0,0,1
Car Nd0 C3r C2r,13,0,0,1,1,1,0,3,0,0,0,0,0,0,0,0,0,8
Sul Car Nac Cs3,80,6,0,0,0,0,0,0,0,0,0,0,0,0,0,2,8,29
Car Sul Car .=O,0,0,0,0,0,0,0,0,0,0,0,0,0,1,0,1,1,5
SO2 Nd0 C3r Car,1,0,0,0,0,0,0,0,0,0,0,0,0,0,0,0,0,0
SO2 Car Car C3r,10,4,4,6,4,1,0,0,2,0,0,0,0,0,0,0,0,1
C3r O_a Cs3 C3r,0,0,0,0,2,2,0,0,1,2,2,1,1,0,1,3,9,3
C3r Car Nac O_a,0,0,0,0,0,0,0,2,0,0,0,0,0,0,1,0,0,0
O_d Car Car SO2,10,4,1,1,1,0,1,1,0,0,0,0,0,0,0,0,0,0
Car Nd0 Car Csp,0,0,0,0,0,0,0,0,0,1,0,0,0,0,0,1,0,1
Nd0 Car Csp Nac,0,0,0,0,0,0,0,0,0,0,0,0,0,0,0,0,0,2
Car Nac C3r Car,19,0,0,3,8,19,22,11,9,4,6,2,1,5,4,11,11,69
C3r O_a Car Nac,22,13,10,5,0,1,0,0,1,0,0,0,0,3,0,0,4,7
Nac Cs2 O_a Cs3,0,0,0,0,0,0,1,0,0,2,1,2,0,4,5,13,10,52
Car Car Nd+ O_d,3,5,0,3,1,0,0,0,1,1,0,0,0,1,3,0,4,4
C2r C3r C2r Nd0,18,6,3,0,1,0,0,0,0,1,0,0,0,1,0,0,0,5
C2r Nd0 C2r Nd0,38,2,2,0,0,0,0,0,0,0,0,0,0,0,0,2,0,15
Cs2 Nd0 Nac Cs2,6,0,0,0,0,0,0,0,3,1,0,0,0,0,1,2,4,19
Car Cs2 Nac Nd0,2,0,0,0,0,0,0,0,0,0,0,0,0,0,0,0,2,45
Cs3 Cs2 Nd0 Nac,1,0,0,0,0,0,0,0,0,0,0,0,0,0,0,1,9,35
Nac Nd0 Cs2 .=O,61,6,4,0,0,0,0,0,0,0,0,0,0,0,0,0,0,3
Cs2 Cs3 Car Nac,0,1,1,1,5,7,6,3,6,20,7,1,1,0,1,1,0,5
Car Cs2 Cs3 Nac,0,0,0,0,0,0,0,0,0,0,0,0,0,0,0,0,0,5
Car Car SO2 Car,3,0,1,0,3,6,18,26,35,44,24,15,6,2,1,1,0,3
Nac Csp C3r C3r,6,0,7,4,10,1,8,5,4,7,9,6,6,5,3,3,8,4
Csp C3r C3r C3r,0,8,6,12,14,17,15,8,9,22,37,10,4,1,9,11,9,30
C3r C2r Cs2 Cs2,16,0,4,0,0,0,0,0,0,0,0,0,0,0,0,0,2,20
O_d C3r C2r Cs2,6,2,1,1,0,0,0,0,0,1,1,0,0,0,0,0,0,0
C2r Cs2 Cs2 C2r,1,0,0,1,0,1,1,0,0,0,1,0,0,1,3,3,0,3
Car O_a C3r Cs2,3,0,0,0,0,0,0,2,0,0,0,0,0,0,1,5,0,7
Cs2 C3r Nd+ Cs3,0,1,0,4,16,28,22,5,2,0,0,4,0,0,0,0,0,0
.=O Nac Car Cs3,11,4,0,0,0,0,0,0,0,2,0,0,0,0,0,0,0,0
O_d C3r Car Nac,0,0,0,2,3,0,0,0,0,0,1,0,3,6,1,0,0,0
C3r Nd0 C2r Nac,69,4,4,3,1,0,0,0,0,0,0,0,0,0,0,0,0,0
Nd0 C2r Nac Car,23,2,0,0,0,0,0,0,0,0,0,0,0,0,0,0,1,12
Car Cs2 Nac O_d,2,0,0,0,0,0,0,0,0,0,0,0,0,0,0,2,0,36
O_d Nac Cs2 Cs3,7,0,0,0,0,0,0,0,0,0,0,0,0,0,0,0,0,4
Cs2 Cs2 Cs2 Car,4,1,0,2,0,0,0,0,2,0,0,0,0,0,1,5,11,149
O_d Nd0 Cs2 Cs2,0,0,0,0,0,0,0,0,0,0,1,2,2,0,0,0,0,19
Cs3 Nac Cs3 C3r,2,0,0,0,1,8,6,2,8,2,1,2,1,3,0,2,0,1
C3r Cs3 Nac Cs2,1,1,1,1,1,2,2,0,1,3,2,0,0,0,0,0,0,0
Car Car C3r Sul,9,8,10,2,6,4,11,19,14,18,22,9,6,8,3,6,5,6
Car C3r Sul C3r,5,1,4,0,1,0,0,0,0,1,6,2,1,1,1,0,1,5
C3r Sul C3r C2r,8,7,4,4,12,9,5,1,2,0,0,0,0,0,0,0,0,1
Sul C3r Nac C2r,8,4,4,1,10,6,7,0,0,0,3,18,14,12,3,1,0,0
Sul C3r Nac Cs3,0,0,0,0,0,0,0,0,0,0,0,0,0,0,0,0,0,1
Sul C3r C2r .=O,0,0,0,0,0,0,0,0,0,0,0,0,0,0,1,3,13,41
C3r Sul C3r Nac,3,5,7,11,7,7,7,10,1,7,5,3,1,6,4,8,0,0
Car O_a C3r Cs3,2,0,8,14,6,1,2,4,1,2,9,7,5,3,7,16,24,17
Cs2 Cs2 Cs3 Nd+,0,0,0,0,3,0,0,1,1,1,9,8,6,5,5,2,2,1
Nac Nac Car O_a,128,0,0,0,0,0,0,0,0,0,0,0,0,0,0,0,0,51
Car C2r C2r C2r,48,3,0,0,0,1,0,0,0,0,0,0,0,0,0,4,17,108
C2r Car Nac Nac,8,0,0,0,0,0,0,0,0,0,0,0,0,0,0,0,0,37
C2r C2r Car Nac,34,0,0,0,3,0,0,0,0,0,0,0,0,1,1,3,3,33
C3r C3r Cs2 Cs3,2,1,1,3,2,4,9,2,4,1,2,1,2,0,0,2,2,1
C3r Cs2 Cs3 O_d,0,0,0,0,0,0,0,0,0,0,0,0,0,0,0,1,0,1
Cs3 Cs2 C3r O_d,0,0,0,0,0,0,0,0,0,0,0,1,0,0,0,0,0,1
O_a C3r Car Sul,1,0,0,0,0,0,0,0,0,0,0,0,0,0,0,2,1,1
C3r Car Sul Car,0,0,0,0,0,0,0,0,0,0,0,0,0,2,5,6,10,117
Cs3 C3r Car Sul,0,0,1,0,1,0,0,0,0,0,0,0,0,0,0,0,0,0
Nd0 Nac Car Cs2,0,0,0,0,0,0,0,1,0,0,0,1,1,2,7,5,3,7
C3r Nac C3r O_d,0,0,0,2,1,3,0,0,0,0,0,0,0,0,0,0,0,2
O_d C3r Nac C2r,1,1,0,0,0,0,0,0,0,5,2,0,1,0,0,0,0,0
Nac C2r Nd+ Cs3,1,0,0,0,0,0,0,0,0,0,0,0,0,0,0,0,0,2
C2r Nd+ Cs3 Cs3,0,0,0,0,1,1,0,0,0,0,0,0,0,0,0,0,0,0
Nd0 Car Nac Cs2,29,0,0,0,0,0,0,0,0,0,0,0,0,0,1,0,1,6
C2r C3r Cs3 Car,0,0,0,3,8,11,14,7,4,0,2,0,0,0,3,4,38,35
C2r C3r Sul C2r,28,14,1,1,0,0,0,0,0,0,0,0,0,0,0,0,0,0
Nd0 C2r C3r Sul,26,6,1,0,0,0,0,0,0,0,0,0,0,0,0,0,0,0
Sul C3r Cs3 Car,1,0,0,0,3,13,5,0,0,0,0,0,0,0,0,0,0,0
C2r Sul C3r Cs3,0,0,1,4,6,2,6,5,7,4,0,2,0,2,0,0,0,1
Nd+ Car Nac Car,58,0,0,0,0,0,0,0,0,0,0,0,0,0,0,0,2,63
Nd+ Car Car Nac,118,2,0,0,0,0,0,0,0,0,0,0,0,0,0,0,1,51
Car Nd+ Car Nac,56,0,0,0,0,0,0,0,0,0,0,0,0,0,0,0,1,59
O_a C3r C3r Sul,4,2,1,0,0,0,0,0,0,1,1,1,0,0,0,0,0,4
O_a Car Car Sul,31,2,7,0,0,0,0,0,0,0,0,0,0,0,2,0,1,37
Car O_a C3r Car,0,0,0,1,2,1,6,14,9,1,1,1,0,0,0,0,0,5
Car Sul C3r Car,1,1,2,3,0,0,0,0,1,0,0,0,0,0,1,4,1,1
Sul C3r C3r Car,0,0,0,2,1,2,3,7,2,0,0,0,0,0,0,0,0,0
O_d Car Nac Cs3,6,0,0,0,0,0,0,0,0,0,0,0,0,0,0,0,0,0
Nd+ C3r C2r Nac,39,16,7,1,1,0,1,0,0,0,1,2,1,3,0,0,0,1
Nd+ C2r Nac C2r,41,4,1,0,0,0,0,0,0,0,0,0,0,0,0,0,2,33
Nd+ C2r Nac Cs3,14,1,0,0,0,0,0,0,0,0,0,0,0,1,0,4,6,32
Cs3 Nac C2r Nd0,22,9,3,0,0,0,0,0,0,0,0,0,0,0,1,4,5,40
C2r Nac C2r Nd0,33,2,0,0,0,0,0,0,0,0,0,0,0,0,0,1,9,32
C2r C3r Nd+ C2r,23,10,6,0,0,0,0,0,0,0,0,0,0,0,0,0,0,0
Nd0 Car C3r C2r,6,0,0,0,0,0,0,0,0,0,0,0,0,0,0,0,0,6
C2r Nac Nac C2r,83,41,29,5,0,0,0,0,0,0,0,0,0,0,0,0,0,7
Cs3 Cs3 Car Sul,10,10,13,8,11,28,20,35,25,13,8,14,12,8,13,14,10,4
Cs3 SO2 Nd0 Cs3,1,0,0,3,12,11,12,10,13,5,1,3,0,0,1,1,0,4
Cs3 C3r O_a Nac,0,0,0,0,0,1,0,0,0,0,0,0,0,0,0,0,0,0
C3r O_a Nac C2r,0,0,0,0,0,3,1,0,0,0,0,0,0,2,0,0,0,1
C3r C3r O_a Nac,3,1,3,0,3,0,0,0,0,0,0,0,0,0,0,0,1,2
C3r C2r Nac O_a,16,3,0,0,0,0,0,0,0,0,0,0,0,0,0,1,0,23
O_a Nac C2r Car,11,0,0,0,0,0,0,0,0,0,0,0,0,0,0,0,2,11
C3r Nd0 Cs2 Nd+,9,0,0,0,0,0,0,0,0,0,0,0,0,0,0,0,1,2
O_d C3r C3r Cs2,1,1,11,6,6,1,4,9,6,1,5,7,0,0,3,12,9,2
Cs3 Nac SO2 Cs3,1,0,1,1,0,3,7,16,16,6,4,0,3,0,0,1,0,1
Cs3 SO2 Nac Car,0,0,0,0,0,0,6,10,11,24,7,0,1,0,0,2,0,0
C3r Nac Nac C2r,11,7,2,2,0,2,0,0,2,0,0,0,0,0,1,8,14,11
Nac Nac C2r Car,18,2,2,2,2,0,0,1,0,0,0,0,0,2,0,1,8,55
Cs3 Nac Car C3r,93,17,5,0,0,0,0,0,0,0,0,0,0,0,0,0,0,0
Cs2 Nac Nac Cs3,0,0,0,0,0,0,0,0,0,1,0,0,0,0,0,0,0,0
C2r Cs2 Nd0 Car,0,0,1,0,0,0,0,0,0,0,2,0,2,1,1,4,3,9
Car C2r Cs2 Nd0,0,0,0,0,0,0,0,0,0,0,0,0,0,0,0,0,8,13
C2r C2r Cs2 Nd0,53,19,7,3,0,3,2,0,0,0,0,1,0,0,1,4,10,34
Cs2 Cs3 Nd+ C3r,5,0,5,4,9,9,32,40,18,8,11,11,1,6,5,17,28,14
Car Nac Nac C3r,6,0,0,0,1,6,2,7,0,0,0,0,1,3,4,0,2,148
Nac Car C3r Car,0,4,0,3,1,0,13,0,9,11,3,5,5,1,1,0,0,0
C3r Car Nac Nd0,1,0,0,0,0,0,0,0,0,0,1,0,0,0,5,2,4,12
Nac Car C2r Nd+,0,0,0,0,0,0,0,0,0,0,0,0,0,0,0,0,0,2
Nd+ C2r Nd0 C2r,19,0,1,0,0,0,0,0,0,0,0,0,0,0,0,0,0,2
Nd+ C3r C2r Nd0,2,0,2,3,0,10,2,0,0,0,0,0,0,10,2,0,2,1
Nd0 Cs3 Cs3 Cs2,0,5,0,2,13,34,35,10,4,1,2,5,0,4,10,14,23,19
C2r C3r Nac SO2,2,0,0,0,0,0,0,0,0,0,0,2,0,5,3,1,2,9
C3r C3r Car Sul,4,3,3,0,1,1,4,4,2,2,6,0,0,2,0,6,35,16
Car Nd+ Car C3r,0,0,0,0,0,0,0,0,0,0,0,0,0,0,0,0,4,6
Nd+ Car Car C3r,14,0,0,0,0,0,0,0,0,0,0,0,0,0,0,0,0,11
Nd+ Car C3r C3r,0,0,0,1,0,0,0,0,0,0,0,1,1,1,0,0,0,0
Car Nac C3r Cs2,0,0,1,0,3,2,5,5,4,7,2,1,0,0,0,0,0,0
Sul Cs3 Cs3 O_d,0,0,0,0,2,2,0,2,0,0,0,0,0,0,0,0,0,3
Car Cs3 Cs2 Cs2,0,0,0,2,1,0,3,5,1,2,2,3,1,0,1,0,0,1
C3r Nd+ C2r Nd+,5,4,0,0,1,0,0,0,0,0,0,0,0,0,0,0,0,0
C3r Nac C2r Nd0,40,12,4,0,1,0,0,0,0,0,0,0,0,0,0,0,11,29
C3r Nac O_a Cs3,0,0,0,0,0,0,0,0,0,1,3,0,0,1,0,0,0,0
Nd+ C3r Nac O_a,0,0,0,0,0,0,0,0,0,0,0,0,0,0,0,0,4,2
Nd+ C2r Nd+ C2r,3,2,1,0,0,0,1,0,0,1,0,0,0,0,0,0,0,0
C2r Nd+ C3r Nac,9,3,3,0,0,0,0,0,0,0,0,0,0,0,0,0,0,3
C2r Nd+ C2r Nac,28,2,1,0,0,0,0,0,0,0,0,0,0,0,0,0,0,1
Nd+ C2r Nac O_a,0,0,0,0,0,0,0,0,0,0,0,0,0,0,1,0,1,4
C2r Nac O_a Cs3,0,0,0,0,0,2,0,2,0,0,1,0,1,0,0,2,2,10
Nac O_a Cs3 Cs3,0,0,0,0,1,0,2,2,2,1,3,0,2,5,5,2,7,8
O_a Nac C2r Nd0,2,2,0,0,0,0,0,0,0,0,0,0,0,0,0,0,0,1
O_a Nac C3r Cs3,0,0,0,0,0,0,1,4,2,4,2,0,0,0,0,0,0,0
Cs3 Sul Car Sul,1,0,0,0,0,0,0,1,4,0,0,1,0,0,0,0,0,2
C2r Cs2 Cs3 Cs3,0,0,0,0,0,0,0,0,0,0,0,0,1,0,0,0,0,0
Hal Car Nac Nac,1,0,0,0,0,0,0,0,0,0,0,0,0,0,0,0,0,37
Car C3r Car Nd0,1,3,0,5,10,2,3,0,0,0,0,0,0,0,0,0,2,1
.=O SO2 Car Nac,11,8,11,4,8,13,22,3,7,8,5,3,5,8,8,12,8,32
Car Nac Car SO2,0,0,0,0,0,0,0,0,0,0,1,1,1,0,4,7,19,20
Nac Car SO2 Nd0,0,0,1,0,0,22,8,3,0,5,1,0,1,2,0,0,0,0
C2r Car Car C2r,445,71,25,3,11,0,1,1,0,0,0,0,0,0,0,0,0,1
C3r Cs3 Nd+ C3r,3,0,2,0,5,7,17,13,12,9,7,4,7,7,9,15,19,18
O_a Cs3 Cs3 Sul,1,0,2,0,0,0,0,0,0,2,0,0,0,0,0,0,0,1
Car Cs2 C2r C3r,4,0,0,0,0,0,0,0,0,0,0,0,0,0,0,6,0,6
Cs2 Cs2 Cs2 Nac,0,0,1,0,1,0,1,0,3,1,1,1,3,4,6,3,7,23
Sul C3r C2r Cs3,1,0,0,1,0,2,0,0,1,3,2,1,0,3,0,0,1,1
Sul C3r C2r C2r,6,5,7,4,6,0,3,0,1,0,2,1,0,0,0,0,0,0
C3r C2r Cs3 Sul,1,0,0,0,0,0,0,2,1,0,0,0,2,0,0,0,0,0
C2r Cs3 Sul Car,0,1,0,0,0,0,0,0,0,0,0,0,2,0,0,0,0,4
Cs3 C2r C2r Nac,1,0,0,0,0,0,0,0,0,0,0,0,1,0,2,3,8,114
Sul Cs3 C2r C2r,0,0,0,0,2,1,0,1,0,2,1,0,0,0,0,0,0,1
Sul Car Nac Nd0,0,0,0,0,0,0,0,0,0,0,0,0,0,0,0,0,0,20
.=O Car Car .=O,59,11,3,13,3,1,1,0,1,1,0,1,1,0,0,0,1,1
Car Nd0 Nac Cs3,0,0,0,0,0,0,0,0,0,0,0,0,0,0,0,0,0,11
C2r Nac C2r Cs2,7,3,6,7,3,1,2,4,3,1,0,0,2,0,0,0,2,87
C3r Nd0 Cs2 Cs2,0,0,0,0,0,0,0,0,0,0,0,0,0,1,0,5,1,43
Nd0 Cs2 Cs2 Nac,0,0,0,1,1,1,0,0,1,9,0,1,0,6,2,1,0,1
Nd0 Cs2 Cs2 Car,1,0,0,2,4,3,0,0,7,3,0,1,0,3,1,0,0,6
Cs2 Cs2 Nac O_a,23,1,0,0,0,0,0,0,0,0,0,0,0,0,0,0,0,2
Cs2 Cs2 Car Nac,5,8,0,1,2,1,0,2,0,0,1,1,2,0,4,12,7,19
.=O Cs2 Cs2 Car,5,1,0,0,3,0,4,1,1,2,1,8,0,0,0,2,3,3
Cs2 Nac O_a Cs3,0,0,0,1,0,0,0,0,2,2,4,3,4,4,5,3,7,19
O_a Nac Cs2 Car,4,0,0,0,0,0,0,0,0,0,0,0,0,0,0,0,0,51
Car Nd0 SO2 Nac,0,0,0,0,0,0,0,0,2,0,1,1,0,0,0,0,0,1
C3r Nac C3r Sul,8,5,7,5,4,7,4,4,0,2,3,1,0,0,0,0,0,0
Cs3 C3r Sul C3r,1,3,9,20,11,10,6,4,8,5,8,24,13,16,18,28,27,17
.=O C2r Nd0 Nac,0,0,0,0,0,0,0,0,0,0,0,0,0,0,0,1,0,1
C2r C3r C2r Car,8,0,0,1,6,0,0,1,5,0,0,0,0,0,0,0,1,17
C2r Nd0 Nac C2r,6,0,0,0,0,0,0,0,0,0,0,0,0,0,0,0,0,0
C3r C2r Nac Nd0,16,0,0,0,0,0,0,0,0,0,0,0,0,0,0,0,0,5
Car C2r Nac Nd0,2,0,0,0,0,0,0,0,0,0,0,0,0,0,1,0,0,10
Cs3 Car Nac Nd0,2,0,0,0,0,0,0,0,0,0,0,0,0,0,0,0,0,120
Car Nd0 C2r Nac,18,3,4,0,0,0,0,0,0,0,0,0,0,0,0,0,0,2
Nac Car Nac O_a,76,0,0,0,0,0,0,0,0,0,0,0,0,0,0,0,0,2
Sul Car Car Sul,13,0,0,0,0,0,0,0,0,0,0,0,0,0,0,1,1,21
Sul Car Car Csp,8,0,0,0,0,0,0,0,0,0,0,0,0,0,0,0,0,13
SO2 Car Nac Nac,0,0,0,0,0,0,0,0,0,0,0,0,0,0,0,0,1,27
C2r C2r Cs3 O_d,0,1,0,0,0,0,0,1,0,0,0,1,2,0,1,1,0,0
O_d Cs3 C2r C3r,0,0,3,0,1,1,0,0,0,0,0,0,0,0,0,1,0,0
Car Cs3 C3r Nd0,1,4,0,0,5,8,9,2,2,0,0,0,0,0,0,3,1,7
Nd+ Car Cs3 C3r,2,0,0,0,0,0,0,0,0,0,0,0,0,0,0,0,0,0
C3r Nd0 C2r C2r,30,5,1,1,0,0,0,1,0,0,0,0,0,0,0,0,0,7
Nd0 C2r C2r Nd0,55,0,1,0,1,0,0,0,0,0,0,0,0,0,0,0,0,19
Nd0 C2r C2r .=O,20,0,1,0,0,0,0,0,0,0,0,0,0,0,0,0,0,13
Nac Cs3 Csp Csp,4,3,3,4,1,4,6,1,0,2,2,0,2,2,5,3,2,12
C2r Nac Cs3 Csp,0,0,0,0,0,0,0,0,0,0,0,0,0,0,0,0,0,1
Car Nac Cs3 Csp,0,1,0,0,0,0,4,5,13,19,19,6,4,4,3,0,0,0
C3r O_a Cs2 Car,0,0,0,0,0,0,0,1,0,0,0,1,0,1,0,7,11,18
C2r C3r C2r O_a,0,0,0,0,0,0,2,0,0,0,0,0,0,0,0,2,0,3
Nac C2r C2r C2r,216,13,5,3,1,0,0,0,0,0,0,0,1,0,1,7,3,76
C3r C2r C2r O_a,67,19,6,1,0,0,0,0,0,0,0,0,0,0,0,1,1,21
C3r Car Car O_d,26,10,3,5,5,0,1,0,0,1,0,0,0,0,0,0,0,0
C2r O_a C3r O_a,2,0,3,2,0,2,1,0,1,0,0,0,0,0,1,0,1,5
O_a C2r C2r O_a,5,3,0,0,0,0,0,0,0,0,0,0,0,0,0,0,0,3
.=O Car Car O_d,31,13,4,1,0,0,0,2,0,0,0,0,0,0,0,0,0,0
C3r Nd+ C2r Sul,39,2,0,0,0,0,0,0,0,0,0,0,0,0,0,0,0,4
Nd+ C2r Sul C3r,34,7,2,2,0,0,0,0,0,0,0,0,0,0,0,0,5,5
.=O Car Car C3r,50,1,4,2,1,0,0,0,0,0,0,0,0,0,0,0,0,0
Cs2 Nac C3r Sul,2,0,0,0,0,1,0,0,1,0,0,2,3,5,4,4,1,2
Car O_a Car Nd0,15,0,0,0,0,0,0,0,0,0,0,0,0,0,0,0,3,67
Cs2 Nd0 Car O_a,2,2,1,0,0,0,0,0,0,0,0,0,0,0,0,0,0,1
Nd0 C2r Nd0 C3r,141,4,0,0,0,0,0,0,0,0,0,0,0,0,0,0,0,16
Cs3 Nd0 C2r Nd0,1,0,0,0,0,0,0,0,0,0,0,0,0,0,0,0,0,0
Nd+ C2r C2r Nd+,0,0,0,0,0,0,0,0,1,0,0,0,0,0,0,0,0,0
Nd+ C2r C2r Nd0,3,0,0,0,0,0,0,0,0,0,0,0,0,0,0,0,0,2
Nd+ C2r Nd0 Car,13,1,0,0,0,0,0,0,0,0,0,0,0,0,0,0,0,6
Cs3 Nd0 C2r C2r,2,1,0,1,0,1,0,0,0,0,0,0,2,0,0,0,0,4
C2r Nd+ SO2 .=O,0,0,0,0,0,0,0,0,0,0,3,1,2,1,11,0,0,7
C2r C2r Nd+ SO2,3,0,0,0,0,0,0,0,0,0,0,0,0,0,0,0,0,2
C2r Nd0 Cs3 Cs3,0,0,0,0,1,0,3,1,0,6,1,0,0,0,1,0,0,1
Nd0 C2r Nd+ SO2,1,1,0,0,0,0,0,0,0,0,0,0,0,0,0,0,0,9
Nd0 Cs3 Car O_a,0,0,2,4,2,3,1,0,2,1,4,0,1,1,1,0,1,4
Cs3 Nd0 Car Nd+,12,6,2,0,0,0,0,0,0,0,0,0,0,0,0,1,0,11
O_d C3r C2r C3r,1,0,0,2,0,0,0,0,2,0,0,0,0,0,0,2,3,3
Nd0 C3r Car Nac,4,2,0,0,4,2,0,0,0,0,1,11,2,3,0,1,2,6
Nd0 C3r Car Nd0,1,0,2,10,1,0,0,0,0,0,0,0,0,0,0,0,0,2
O_d Cs3 C3r Nac,0,0,0,6,8,8,3,1,1,0,0,0,0,1,0,0,12,10
Car Cs3 C3r O_d,0,0,0,0,0,0,0,0,0,0,0,1,0,0,0,0,0,1
Car Cs2 Car Nd0,1,0,2,0,0,0,0,0,0,0,0,0,0,0,0,0,4,12
Car Sul Car Csp,0,0,0,0,0,0,0,0,0,0,3,1,0,0,0,0,0,2
Csp Csp Cs3 O_d,2,0,0,2,0,0,1,2,0,0,3,0,1,0,0,0,0,2
Csp Csp Car Sul,5,0,0,0,0,0,0,0,0,0,0,0,0,0,0,0,0,1
Cs3 Nd+ Cs3 Csp,0,0,0,0,1,0,0,7,2,0,0,0,0,0,0,0,3,2
C3r Cs2 Nd0 O_d,0,0,0,0,0,0,0,0,0,0,0,0,3,0,1,3,1,9
SO2 Nac C3r Cs2,2,0,0,0,0,3,1,4,2,2,3,3,5,4,0,0,0,2
Car O_a Cs3 Csp,5,1,0,0,0,1,0,0,0,0,0,0,0,0,0,0,0,3
O_a Cs3 Csp Csp,4,0,0,0,1,0,2,0,1,0,2,3,0,2,0,0,0,1
Cs3 Csp Csp Cs3,7,0,0,3,1,3,0,1,1,3,1,0,0,0,3,0,1,1
O_d C3r Car Nd0,0,0,0,0,0,0,0,0,0,0,0,0,0,1,0,0,0,0
Cs2 Nd0 Nd0 Cs2,1,1,0,0,3,0,0,3,1,0,0,0,1,0,0,0,0,1
.=O Cs2 Nd0 Nd0,41,3,1,0,0,0,0,0,0,0,0,0,0,0,0,0,1,5
Nd0 Nd0 Cs2 Car,0,0,0,0,0,0,0,0,0,0,0,0,0,0,0,0,0,32
Csp Csp Cs3 Car,3,8,5,4,3,1,1,0,3,1,0,1,5,2,1,5,12,9
Csp Cs3 Car Car,2,3,5,14,33,13,13,8,6,5,8,12,13,34,13,8,3,2
Nd0 Nac Nac Car,20,0,0,0,0,0,0,0,0,0,0,0,0,0,0,0,0,1
Nd0 Nac Car O_a,3,0,0,0,0,0,0,0,0,0,0,0,0,0,0,0,0,29
Nac Cs3 Cs3 Cs2,1,0,0,0,1,5,6,3,3,1,1,0,0,3,2,8,9,40
Car Sul C3r O_a,1,0,0,0,0,0,0,0,0,0,3,0,0,0,0,8,3,0
Car C2r C2r O_a,12,0,0,0,0,0,0,0,0,0,0,0,0,0,0,0,0,2
C2r C3r O_a C2r,12,1,3,1,1,2,3,1,2,0,0,1,0,0,0,0,0,0
Cs3 Cs2 Nd0 Nd0,5,0,0,0,0,0,0,0,0,0,0,0,0,0,0,0,0,5
Nac O_a Car Nd0,5,0,0,0,0,0,0,0,0,0,0,0,0,0,0,0,0,11
Nd0 Car Nd0 Nac,7,0,0,0,0,0,0,0,0,0,0,0,0,0,0,0,0,46
C3r Nd0 C3r C3r,1,0,0,1,0,0,0,1,0,0,0,0,0,0,0,0,0,1
C3r Nd0 C3r Car,0,0,0,0,0,0,0,0,0,3,0,0,0,0,0,0,0,0
Nd0 Cs3 Cs2 Cs3,1,1,0,0,0,1,0,0,0,0,0,1,1,0,0,0,1,1
Nd0 Cs3 Cs3 C3r,2,1,2,24,23,12,6,4,0,0,3,3,1,0,0,4,3,19
Nac Cs2 Car Sul,2,0,0,0,0,0,0,1,0,0,3,0,0,6,0,2,7,3
Cs3 Cs2 Nac Nd0,8,5,2,0,0,0,0,0,0,0,0,0,0,0,0,0,0,0
Nd0 Nac Cs2 .=O,0,0,0,0,0,0,0,0,0,0,0,0,0,0,0,0,3,7
Nd0 Nac Cs3 Car,1,0,0,0,1,0,1,1,0,0,0,2,0,1,2,3,5,1
Cs2 Nd0 Nac Cs3,1,0,1,0,0,9,0,2,8,10,11,7,6,0,1,0,0,0
O_a C2r Nac O_a,18,0,0,0,0,0,0,0,0,0,0,0,0,0,0,0,0,0
C2r Nac O_a Cs2,0,0,0,0,0,0,0,0,0,0,1,0,0,0,4,3,0,5
Nac O_a Cs2 .=O,6,2,1,0,2,0,0,0,0,0,1,0,0,0,0,0,0,2
Nac O_a Cs2 Nd0,2,0,0,0,0,0,0,2,0,0,0,0,0,1,0,3,3,5
O_d Cs3 Cs2 Cs2,0,1,0,1,1,0,0,0,0,0,3,1,4,4,0,0,0,0
Cs3 Cs3 Cs3 SO2,0,1,3,1,1,0,2,1,0,5,3,0,6,1,2,6,14,29
Cs3 Cs3 Nac O_d,1,2,3,6,2,7,2,0,0,1,0,0,0,0,0,0,0,1
Cs3 Cs3 SO2 Nac,0,0,0,3,0,3,3,0,2,0,0,1,0,0,0,0,1,4
SO2 Cs3 Cs3 Nac,1,2,4,2,1,0,0,0,0,0,0,0,0,0,0,0,0,0
O_d Nac Cs2 .=O,12,3,0,0,0,0,0,0,0,0,0,0,0,0,0,0,0,4
Nd0 C3r C2r O_d,0,0,0,0,0,0,0,0,0,0,0,0,0,1,0,0,0,0
O_d C2r C2r Cs2,2,0,1,2,0,0,1,0,0,0,0,0,0,0,0,0,0,0
O_d C2r C2r C2r,4,0,0,0,0,0,0,0,0,0,0,0,0,0,0,0,0,22
O_a C3r Cs3 Cs2,0,0,0,1,4,4,3,0,1,3,0,0,0,1,0,2,2,4
Cs2 Cs2 Cs2 C2r,0,0,0,0,0,0,0,0,0,0,0,0,0,0,0,0,2,8
Cs2 Cs2 Cs3 C3r,0,0,0,0,1,0,1,1,4,0,0,2,0,2,0,0,0,2
Cs3 C3r C2r Cs3,0,0,0,1,4,0,0,0,0,0,0,1,0,0,0,0,0,0
Sul Car Cs2 Nd+,0,0,0,0,0,0,0,0,0,0,0,0,0,3,2,0,0,3
C3r C3r SO2 C3r,5,2,2,6,10,44,19,3,0,0,0,0,0,0,0,0,0,1
Nd0 C2r C2r Nac,10,0,0,0,0,0,0,0,0,0,0,0,0,1,0,0,1,28
C2r C2r Nac O_a,0,0,0,0,0,0,0,0,0,0,0,0,0,0,0,0,0,7
Nac O_a Cs3 Cs2,0,0,0,0,1,1,0,0,0,1,0,0,1,0,1,2,1,0
Car Car SO2 O_d,7,2,2,0,0,2,5,1,0,0,1,3,4,0,0,1,4,6
Cs2 Nd0 C3r Csp,0,0,0,0,0,1,0,0,0,0,0,0,0,0,0,0,0,0
Nd+ C3r C3r Csp,1,0,0,0,0,0,0,0,0,3,1,0,0,0,0,0,0,0
Cs3 Cs3 SO2 Car,1,0,4,7,15,28,31,17,4,1,0,0,0,6,0,2,5,10
Car Nac C3r Nd0,7,0,4,4,3,0,0,0,0,0,0,0,0,0,1,0,0,2
Nac C3r Nd0 SO2,0,0,0,0,0,0,0,0,0,0,1,0,0,1,0,0,0,1
Nd0 C3r Nac Cs3,0,0,0,1,0,0,1,0,1,0,0,0,0,0,0,0,0,1
C3r Cs3 O_a C2r,0,0,0,0,0,0,0,0,0,0,0,0,0,0,0,0,0,1
C3r SO2 Nd0 Cs3,1,0,0,0,0,0,0,0,0,0,0,0,0,0,0,0,0,0
SO2 Nd0 Cs3 Csp,1,0,0,0,0,0,1,0,0,0,0,0,0,0,0,0,0,0
Nd0 Cs3 Csp Csp,0,0,0,0,0,0,0,0,0,0,0,1,0,0,2,1,1,1
Cs2 Cs3 C3r Sul,0,0,0,0,1,0,3,6,4,0,1,0,0,0,0,0,3,5
Nd+ C3r Cs3 Nd0,0,0,0,0,2,3,5,5,1,1,0,1,0,0,0,0,4,6
Nd+ C3r C3r Sul,4,3,6,10,7,4,2,1,2,0,1,1,2,0,3,0,2,0
Nd0 Cs3 C3r Sul,0,3,8,4,0,0,1,0,0,0,0,0,0,0,0,0,2,1
Car Nd+ Car Sul,0,0,0,0,0,0,0,0,0,0,0,0,0,0,0,0,0,10
Nd+ Car Sul Car,5,3,0,0,0,0,0,0,0,0,0,0,0,0,0,0,0,0
Nac Cs3 Cs2 O_a,0,0,0,0,0,0,0,1,0,0,0,0,3,0,2,0,0,3
C3r C3r C2r Nd+,4,3,0,0,0,0,0,0,0,0,0,0,8,4,4,0,0,5
C3r C3r SO2 Cs3,0,0,0,0,0,1,3,0,0,0,0,0,0,0,1,0,2,3
Cs3 C3r SO2 .=O,2,3,4,15,14,5,2,0,0,0,0,0,0,0,0,0,4,12
C2r C3r SO2 .=O,1,0,0,0,0,0,0,0,0,0,0,0,0,0,0,0,0,1
Nd+ Cs2 Nd0 Car,2,0,2,0,0,0,0,0,0,0,0,0,0,0,0,0,1,4
Car Car Nd+ Cs2,0,0,1,4,0,0,2,0,0,0,1,0,0,1,3,0,0,1
Car Nd+ Cs2 Nd0,4,0,0,0,0,0,0,0,0,0,0,0,0,0,0,2,1,4
Car Nd+ Cs2 Car,0,0,0,0,0,0,0,0,0,0,0,0,0,0,1,0,0,0
Sul C3r Cs3 Cs3,0,0,0,1,6,9,22,5,1,0,0,1,0,0,0,0,5,7
Nd0 Cs3 Cs3 Nd0,3,15,11,13,3,1,0,3,1,0,3,0,0,0,0,3,7,11
Car SO2 Nd+ C3r,2,3,1,0,0,1,0,4,0,1,0,0,0,1,0,0,0,0
Car Nd0 Car O_a,23,0,0,0,0,0,0,0,0,0,0,0,0,0,0,0,0,19
C3r Nd+ SO2 .=O,1,4,6,5,4,5,2,0,0,0,0,0,2,0,2,7,4,11
C3r C3r Nd+ SO2,3,0,0,0,0,0,0,0,0,0,1,3,5,3,3,2,0,3
C2r C2r Car O_a,0,0,0,0,0,0,0,0,0,0,0,0,0,0,0,0,1,1
Nd0 Car Cs3 O_a,0,0,1,0,0,0,0,0,0,0,0,0,0,0,0,0,2,1
Sul Car Nac Cs2,3,0,0,0,0,0,0,0,0,0,0,0,0,0,0,0,0,0
Nac Cs2 Cs3 Sul,0,0,1,0,0,0,0,0,0,0,0,0,0,0,0,1,8,2
Cs3 Cs3 Car Nd+,2,0,1,1,1,0,1,4,0,1,5,3,0,3,0,0,0,0
Car Cs3 Csp Nac,2,0,0,0,3,1,3,0,0,1,2,0,0,0,2,1,0,3
Nac Car Cs3 Csp,0,0,0,2,0,0,0,0,0,0,0,0,0,0,0,0,0,0
Cs2 Cs3 Car O_a,0,0,0,1,0,0,0,0,0,0,0,1,1,0,0,0,0,1
Cs3 O_a Cs2 C2r,1,0,0,0,0,0,0,0,0,0,0,1,1,1,6,2,2,12
O_a Cs2 C2r C2r,1,2,0,2,0,0,0,0,1,0,3,0,0,0,2,1,4,6
O_a Cs2 C2r C3r,7,2,2,1,1,0,1,0,2,0,0,1,0,0,0,0,0,2
Cs2 C2r C3r Nd+,0,0,0,0,0,0,0,0,0,0,0,0,0,0,0,0,0,1
Nd0 C2r C2r C3r,50,20,12,3,1,0,1,0,0,0,0,0,0,0,1,3,5,31
Nd0 C2r Car Sul,0,0,0,0,0,0,0,0,0,0,0,0,0,0,0,0,3,1
C2r Nd0 C2r Cs3,2,0,0,0,0,0,0,0,2,0,0,2,1,2,0,3,4,8
C2r Car Sul Car,0,0,0,0,0,0,1,1,0,0,1,0,0,0,0,2,1,7
Nd+ C2r Car Sul,2,0,0,0,0,0,0,0,0,0,0,0,0,0,0,0,0,0
C3r Nd0 SO2 Cs3,3,1,1,3,1,0,1,0,0,0,0,0,0,1,0,0,0,0
Nac Csp Car Sul,0,0,0,0,0,0,0,0,0,0,0,0,0,0,0,0,0,1
Nd+ Car Car O_d,1,0,0,0,0,0,0,0,0,0,0,0,0,0,0,0,0,2
C2r Sul C2r Nac,23,1,0,0,0,0,0,0,0,0,0,0,0,0,0,0,0,0
C2r Nac C2r Sul,32,0,0,0,0,0,0,0,0,0,0,0,0,0,0,0,0,0
Nac C2r C2r Sul,25,0,0,0,0,0,0,0,0,0,0,0,0,0,0,0,0,4
Sul C2r Nd0 Car,2,0,0,0,0,0,0,0,0,0,0,0,0,0,0,0,0,0
Nd0 Car Nac O_a,5,0,0,0,0,0,0,0,0,0,0,0,0,0,0,0,0,49
Sul Cs3 C3r Nd+,1,0,0,0,0,0,0,0,0,0,0,0,0,0,0,0,0,0
Nac Cs2 C3r Nd+,0,0,0,0,0,0,0,1,0,0,0,1,0,1,1,3,4,3
Nac C3r Car Nd0,1,0,0,0,2,0,0,0,0,5,0,0,0,1,3,1,4,11
.=O C2r C2r O_a,0,0,0,0,0,0,0,0,0,0,0,0,0,0,0,0,0,11
C2r C2r O_a Car,25,9,2,0,0,2,0,0,0,0,0,0,0,0,1,3,0,0
Car Car O_a C2r,27,17,2,0,0,0,0,0,0,0,0,0,0,0,0,0,6,16
Car O_a C2r Cs2,0,0,0,0,0,0,0,1,0,0,0,0,0,0,0,0,2,2
O_a C2r Cs2 Car,2,1,0,0,0,0,0,0,1,0,0,0,0,0,0,0,0,0
C3r Cs3 O_a Cs2,0,0,0,0,0,0,0,0,3,0,0,5,3,2,3,4,8,4
SO2 Nac Cs3 C3r,0,0,1,0,0,0,0,0,0,1,0,0,0,0,0,3,3,2
Nac Cs3 C3r Nd0,0,0,0,0,1,0,0,0,0,0,0,0,0,0,0,0,0,4
Car Sul Car O_a,1,0,0,1,0,0,0,0,0,0,0,0,0,0,0,0,0,14
C3r O_a Car Sul,0,0,0,0,0,0,0,0,0,0,0,0,1,0,0,0,0,1
Nd+ Cs3 Cs3 Sul,0,1,3,8,0,1,2,0,1,0,0,0,0,1,0,1,4,6
.=O Car Car Csp,8,2,0,0,0,0,0,0,0,0,0,0,0,0,0,0,0,0
Car C3r O_a C2r,12,0,0,8,5,0,4,4,0,0,2,2,6,0,0,0,2,1
C3r C3r Nd0 Nac,0,0,0,3,10,0,0,0,0,0,0,0,0,0,0,0,0,0
C3r C3r Nac Nd0,3,0,0,0,0,8,3,0,0,1,0,0,0,0,0,0,0,13
C3r Nac Nd0 C3r,1,0,0,0,1,12,0,0,0,0,0,0,0,0,0,0,0,0
C3r Nd0 Nac C2r,0,0,0,0,0,0,0,0,0,0,0,1,2,0,0,0,0,0
C2r C3r Nd0 Nac,0,0,0,0,0,0,0,0,2,0,0,0,0,0,0,0,0,2
Nd0 Nac C2r .=O,9,0,0,0,0,0,0,0,0,0,0,0,0,0,0,0,0,11
.=O Car O_a Nac,0,0,0,0,0,0,0,0,0,0,0,0,0,0,0,0,0,2
Nac Car Cs2 C2r,2,0,0,0,0,0,0,0,0,0,0,0,0,0,0,0,0,1
Nd0 Car Cs2 Cs3,0,0,0,0,0,0,0,0,0,0,0,0,0,0,0,0,0,1
Nd0 Nac Cs3 Cs3,2,0,0,0,0,1,1,1,5,6,0,1,0,2,3,3,3,2
Nac C3r Cs3 Nd+,1,0,2,0,0,0,0,0,0,0,0,0,0,1,0,3,0,7
C3r Nac Nac Cs2,2,0,1,4,0,1,0,0,1,1,1,0,2,0,2,0,0,1
.=O C2r Nac Cs2,7,0,1,0,0,0,0,0,0,0,0,0,0,0,0,0,0,1
Car C3r C2r C3r,1,0,0,3,0,5,2,1,0,0,0,0,0,0,1,0,0,1
Cs2 Cs2 Nac Nac,10,0,0,0,0,0,0,0,0,0,0,0,0,0,0,0,0,0
Cs2 Cs2 Nac C3r,47,6,1,0,1,0,0,0,0,0,0,0,0,0,1,1,3,67
Cs2 Nac Nac C2r,0,0,0,0,0,1,0,0,0,0,0,0,2,0,2,5,2,4
Nac Nac C3r Cs3,3,0,0,1,0,1,3,4,2,1,0,1,4,1,1,0,0,0
Nac Nac C3r Car,1,0,11,10,1,0,0,1,2,3,1,1,0,1,0,1,1,6
Cs2 C2r O_a C3r,1,1,1,0,3,2,3,0,11,7,2,2,4,0,0,3,2,0
.=O Cs2 C2r O_a,30,13,5,3,0,0,0,1,0,0,1,0,0,0,2,5,11,32
Sul C2r Nac C3r,16,0,0,0,0,0,0,0,0,0,0,0,0,0,0,0,1,13
Sul C2r C2r Cs3,0,0,0,0,0,0,0,0,0,0,0,0,0,0,0,0,0,5
Sul Cs2 Nd+ C3r,0,0,0,0,0,0,0,0,0,0,0,0,0,0,0,0,0,1
Sul Cs2 Nd0 C3r,0,0,0,0,0,0,0,0,0,0,0,0,0,0,0,0,0,1
Nd0 Cs2 Nd+ C3r,5,0,0,0,0,0,0,0,0,0,0,0,0,0,0,0,0,0
Nd0 Cs2 Sul Cs3,1,0,0,0,0,0,0,0,0,0,0,0,0,0,0,0,1,0
C3r Nac C2r Cs3,5,0,0,0,0,0,0,0,0,0,0,0,0,0,0,1,0,7
C2r Cs3 Sul Cs2,0,0,0,0,0,0,0,0,0,0,0,0,0,0,0,0,0,1
Cs2 Nd+ C3r C3r,1,0,0,0,0,1,0,1,0,1,1,1,3,0,0,0,1,4
Car C3r C2r Nd0,61,0,0,0,0,0,0,2,2,0,5,13,6,1,1,0,0,4
Cs3 C3r C2r O_a,1,0,0,0,1,10,2,4,6,7,4,1,1,0,2,0,3,0
C3r Csp Csp Car,2,3,1,0,0,1,0,1,0,1,2,0,0,1,0,1,0,0
Nac Cs2 Cs2 Cs3,0,0,0,0,0,0,0,0,0,0,0,0,0,0,0,0,3,4
Cs2 Nac Cs2 Cs2,1,0,0,0,0,0,0,1,0,0,0,0,0,0,0,0,0,1
Car Cs3 C3r Cs3,1,2,2,1,0,0,0,0,0,0,0,0,0,0,0,0,4,5
Nd0 Car Cs3 C3r,0,0,0,0,0,0,0,0,0,1,0,0,0,0,0,0,0,0
Car C3r SO2 C3r,6,1,0,0,1,1,0,0,0,0,0,0,0,0,0,0,0,0
SO2 C3r C3r Car,0,0,0,0,0,0,0,0,1,0,0,0,0,0,0,0,0,0
Sul Cs3 Car Nd0,0,0,0,0,0,0,0,0,0,0,0,0,0,0,0,0,1,1
Nac C2r Cs2 Car,26,14,2,0,0,0,0,0,0,0,0,0,0,0,0,0,0,1
Nac C2r Cs2 C2r,7,10,9,3,0,0,0,0,0,0,0,0,0,0,0,0,0,1
C2r C2r Cs3 Cs3,2,1,2,0,7,4,2,26,32,29,20,13,14,8,4,0,3,0
C2r Cs3 Cs3 Cs2,1,0,0,4,1,1,0,0,0,0,0,2,0,1,0,1,12,22
C2r C2r Cs2 C2r,1,0,0,2,1,0,0,0,0,0,0,0,0,0,0,6,32,30
C2r Cs2 C2r Nd0,8,4,4,9,3,1,1,0,0,0,0,0,0,0,0,0,0,0
Cs3 C2r C2r Cs3,45,21,13,5,7,9,5,5,3,3,3,0,3,1,1,0,0,1
C2r C3r Cs3 O_a,0,1,0,3,0,0,0,0,1,0,0,0,0,0,0,0,0,1
C3r Cs3 Sul C3r,1,0,0,0,0,0,0,0,0,0,0,0,0,0,0,0,0,0
Csp Car Car Hal,19,4,0,4,2,0,0,1,0,1,1,1,1,0,0,1,0,0
C3r Cs3 Cs3 Nac,3,3,6,7,3,1,0,0,0,0,0,0,2,1,1,0,0,4
Csp Cs2 Nd0 Cs3,1,0,0,0,0,0,0,0,0,0,0,0,0,0,0,0,0,2
.=O Cs2 Csp Csp,0,0,0,1,0,0,0,0,2,0,0,1,0,0,0,0,0,0
Cs2 Csp Csp Car,0,1,0,0,1,0,0,0,0,1,0,0,0,1,0,0,0,0
Nd0 Cs2 Csp Csp,0,0,0,0,0,0,0,0,0,1,0,0,0,0,1,0,0,0
Cs3 Csp Csp Csp,0,0,0,0,0,0,0,0,0,0,0,0,0,0,0,0,0,1
O_d Cs3 Cs3 Csp,0,0,0,1,0,0,0,0,0,0,0,0,0,0,0,0,0,0
Csp Csp Csp Csp,13,9,3,1,1,1,1,1,0,0,0,0,0,0,1,0,0,1
Csp Csp Csp Car,16,4,1,3,0,0,0,0,0,0,0,0,0,0,0,0,0,1
Cs3 C3r O_a Cs3,1,0,0,0,0,0,1,1,2,0,0,0,0,0,0,0,0,0
Cs3 C3r C3r SO2,2,2,1,0,0,0,0,0,0,0,0,0,1,0,0,2,4,6
Nd0 Cs2 Nd0 Nac,2,0,0,0,0,0,0,0,0,0,0,0,0,0,0,0,1,10
Cs2 Nd0 Nac .=O,5,1,0,0,0,0,0,0,0,0,0,0,0,0,0,0,0,6
Nd+ Cs2 Nd0 Nac,10,0,0,0,0,0,0,0,0,0,0,0,0,0,0,0,0,2
Car Cs2 Cs3 C3r,0,0,0,0,0,0,0,0,0,0,0,0,0,0,0,0,0,6
Nac Nac Cs2 Nd0,13,0,0,0,0,0,0,0,0,0,0,0,0,0,0,0,0,2
Nd+ C3r Nac Car,0,0,0,0,0,0,0,0,0,0,0,0,0,0,0,0,0,5
Nd+ C2r Nac Car,7,0,0,0,0,0,0,0,0,0,0,0,0,0,0,0,0,21
Cs2 Nd0 Car Nd0,10,3,1,0,0,0,0,0,0,0,0,0,1,0,0,0,0,2
C2r Sul Car Car,10,0,0,0,0,0,0,0,0,0,0,0,0,0,0,0,0,10
Car Sul C2r C2r,0,0,0,0,1,1,4,7,2,3,0,0,0,0,0,0,0,0
C3r C2r C2r Sul,0,0,0,0,0,0,0,0,0,0,0,0,0,0,0,0,0,13
Nd0 C3r Nd0 SO2,0,0,0,0,0,0,0,0,0,0,1,0,0,0,0,0,4,3
C3r Cs3 Cs3 O_a,0,0,0,0,0,2,1,0,2,1,1,0,0,0,0,0,0,3
Car Sul Cs3 C3r,0,0,1,0,1,0,0,2,0,0,1,0,0,0,0,0,0,0
Car Nac SO2 Nac,3,0,0,0,0,0,0,0,0,0,0,0,0,0,0,0,0,4
C2r C3r Cs3 Cs2,1,0,0,1,2,8,2,0,0,0,0,1,1,0,0,2,8,7
C3r SO2 Nd0 Car,0,0,0,0,0,0,0,0,0,0,0,3,0,0,0,1,0,0
Nd0 C2r Nd+ Car,3,0,0,0,0,0,0,0,0,0,0,0,0,0,0,0,0,9
Car Car Nd+ C2r,24,3,4,3,1,0,1,1,0,0,0,2,0,2,1,8,5,18
Car C3r C2r Nd+,4,0,0,0,1,1,1,1,0,0,0,0,0,0,0,0,0,1
Car Nd+ C2r C3r,3,1,2,1,0,0,0,0,0,0,0,0,0,1,1,0,0,0
SO2 Nac C3r Car,1,5,4,0,0,0,0,0,0,0,1,0,1,6,10,2,1,7
C2r Nd0 Car O_a,2,2,0,0,0,0,0,0,0,0,0,0,0,0,0,0,3,2
Car Nd0 C2r Nd0,3,0,0,0,0,0,0,0,0,0,0,0,0,0,0,1,0,14
C3r C2r Cs2 Nd0,0,0,0,0,0,0,0,0,0,0,0,1,2,0,1,2,3,3
.=O Cs2 Car O_a,25,12,4,4,0,0,0,0,0,0,0,1,0,0,3,2,21,36
Cs2 Car O_a Car,0,0,0,0,0,0,0,0,0,0,0,0,0,2,9,5,22,78
Cs3 Cs2 Car O_a,0,0,0,0,0,0,0,0,0,0,0,0,0,0,0,0,0,1
C2r C3r Cs3 O_d,0,0,2,7,1,2,0,0,0,0,0,0,0,0,1,0,1,3
Cs3 C3r Cs3 O_d,3,0,0,0,0,0,0,1,0,0,0,0,0,0,0,0,1,0
Cs2 Nd0 SO2 Cs3,0,0,0,0,5,5,2,0,0,0,0,0,0,0,0,0,1,4
Car Nd0 Car C2r,0,0,0,0,1,0,0,0,0,0,0,0,0,0,3,0,3,11
Nd0 Car C2r Nd0,0,0,0,0,0,0,0,0,0,0,0,0,0,0,0,0,1,4
Nd0 Car C2r .=O,5,0,0,0,0,0,0,0,0,0,0,0,0,0,0,0,0,0
Nac Cs2 Cs3 C3r,8,2,0,2,6,4,1,0,1,1,1,1,1,1,3,1,2,1
Cs2 Cs3 Car Sul,0,0,0,0,4,5,2,4,3,0,1,0,0,0,0,0,1,2
Cs3 Nac Cs3 Csp,0,0,0,0,0,0,0,0,4,15,6,4,0,0,0,0,0,1
Sul Car Cs3 O_a,3,1,3,0,0,1,0,0,5,1,1,1,1,1,0,0,0,0
O_a C2r C2r Cs3,0,0,0,0,0,0,0,0,0,0,0,0,0,0,1,0,2,2
C2r C2r Cs3 Car,1,0,0,0,0,0,0,2,10,10,7,0,0,0,0,0,0,3
C2r Cs3 Cs3 Cs3,2,4,2,1,0,0,0,0,0,0,0,0,0,0,0,0,0,3
C2r Cs3 Car Car,1,3,9,0,0,1,3,1,0,0,2,3,1,0,0,9,3,3
Cs3 Sul Car Nd0,3,5,2,9,2,0,0,0,4,4,4,1,5,0,5,3,6,18
Nac Nd0 Car Sul,5,2,0,0,0,0,0,0,0,0,0,0,0,0,0,0,0,6
Nac Nd0 Car Nd+,1,0,0,0,0,0,0,0,0,0,0,0,0,0,0,0,0,0
Nd0 Cs2 Cs3 SO2,0,0,0,0,0,0,0,0,0,0,0,0,2,2,0,0,0,0
Cs2 Cs3 SO2 .=O,0,0,0,5,2,0,0,0,1,0,0,0,0,0,0,0,0,5
.=O Cs2 Cs3 SO2,0,0,0,0,3,2,0,0,0,0,0,0,0,0,0,0,0,0
Cs3 SO2 Car Nac,1,4,0,0,0,0,0,0,0,1,0,0,0,0,3,1,1,0
Cs2 C3r C3r Cs2,17,3,1,0,1,0,5,7,3,1,1,11,1,1,0,1,0,3
Cs2 Cs3 Cs2 Car,3,0,0,1,0,0,2,0,0,1,3,0,0,0,0,0,0,0
Nd+ C3r C3r SO2,1,0,0,1,1,3,0,0,0,0,0,0,0,0,0,0,0,9
Cs3 Nac C2r Sul,0,0,0,0,0,0,0,0,0,0,0,0,0,0,0,0,0,9
Nac C2r Sul C3r,9,7,4,0,0,0,0,0,0,0,0,0,0,0,0,0,0,3
Nac C2r Nd+ Csp,0,0,0,0,0,0,0,0,0,0,0,0,0,0,0,0,0,2
Cs3 SO2 Cs3 Cs3,1,0,0,0,3,24,9,12,4,0,0,0,0,1,1,0,7,35
SO2 Cs3 Cs3 Nd+,0,0,0,0,0,0,0,0,0,0,0,0,0,0,0,1,0,1
Nd+ Cs3 Car O_a,0,0,1,1,0,0,3,0,0,2,0,0,0,0,0,0,0,0
Csp C3r C2r .=O,0,0,0,0,2,3,3,0,0,0,1,1,0,0,0,0,0,0
Csp C3r C2r Nac,0,0,0,0,0,0,0,0,3,0,0,0,0,2,5,0,1,0
C2r C3r Csp Nac,3,1,1,0,0,0,0,1,0,0,0,0,0,0,2,0,0,1
Cs2 C3r C2r C2r,0,0,0,0,4,1,2,1,3,1,1,3,0,0,0,0,0,0
Cs2 Nd0 C3r O_a,2,4,2,4,1,12,19,5,2,0,0,0,0,0,0,0,0,0
Cs2 Nd0 C3r Cs3,0,1,0,0,1,0,0,0,0,0,0,0,0,0,0,1,3,5
C2r C3r Cs2 Nd0,1,0,0,0,0,0,0,0,1,0,0,0,0,2,0,1,1,1
Car Nd0 Car Hal,0,0,0,0,0,0,0,0,0,0,0,0,0,0,0,8,2,22
Nd0 C3r O_a C3r,3,0,0,3,1,0,0,0,0,3,3,0,0,0,0,0,19,34
O_a C3r Nac C2r,6,1,0,3,0,1,0,0,0,2,1,1,2,7,1,1,2,1
O_a C3r Nac C3r,1,3,0,0,1,1,2,1,0,1,0,0,0,0,0,0,1,4
Car Cs3 SO2 Nd0,2,1,0,0,3,7,5,7,0,0,0,0,0,0,0,1,0,9
O_d C3r Cs3 Nac,0,0,0,0,0,0,0,0,0,0,0,0,2,0,0,0,0,0
Nac Cs2 Car O_a,6,1,0,0,0,0,0,0,0,0,0,0,0,1,1,0,1,5
C3r Cs2 Cs2 C3r,3,0,1,0,0,0,0,0,0,0,0,0,1,0,0,0,3,1
Car Cs3 Nd0 Nac,0,0,0,0,0,0,0,0,0,0,0,0,0,0,0,0,0,1
O_a Cs2 Car Nd0,3,0,0,0,0,0,0,0,0,0,0,0,0,0,0,0,0,4
Nac Car SO2 Nac,0,0,0,0,0,0,0,0,0,1,0,0,1,0,0,0,0,0
Car Nac Nac SO2,0,0,0,0,0,0,0,0,0,0,0,0,0,2,0,0,0,1
Car SO2 Nac Nac,0,0,0,0,0,0,0,0,0,0,0,0,0,0,0,0,0,1
Nac Nac SO2 .=O,2,3,3,0,0,0,0,0,0,0,0,0,0,1,1,1,2,2
Cs2 C3r O_a Cs3,0,0,0,4,7,2,1,2,0,0,0,0,0,0,0,0,0,0
C3r O_a C2r Cs3,0,0,0,0,0,0,0,0,0,0,0,0,0,0,0,0,0,2
Nd+ Cs3 C2r O_a,0,0,0,0,1,0,0,0,0,0,0,0,0,0,0,0,0,1
O_a Car Cs3 Car,2,1,0,0,0,0,1,1,0,1,0,2,0,0,0,0,0,1
Nac C2r Nd+ Car,9,0,1,0,0,0,0,0,0,0,0,0,0,0,0,1,0,21
Sul C2r Nd+ Car,2,0,0,0,0,0,0,0,0,0,0,0,0,0,0,0,0,0
Cs2 C2r C3r O_a,0,0,0,0,0,0,0,0,0,1,0,0,0,0,0,0,1,0
O_a Cs2 Cs3 O_d,0,1,0,1,0,0,0,0,0,0,0,0,0,2,0,0,1,4
Nd0 Cs2 Car O_a,34,12,0,2,0,0,0,0,0,0,0,0,0,0,0,1,7,14
O_a C2r Nac Car,0,0,0,0,0,0,0,0,0,0,0,0,0,0,0,0,3,26
O_a Car Cs2 O_a,0,0,0,0,0,0,0,0,0,0,0,0,0,0,0,0,0,2
O_a Car Nac .=O,4,0,0,0,0,0,0,0,0,0,0,0,0,0,0,0,1,2
Cs2 Cs2 Car O_a,1,0,0,0,0,0,0,0,0,0,0,0,0,0,0,1,0,2
Nac Cs2 Cs2 Csp,1,0,0,0,0,0,0,0,0,0,0,0,0,0,0,0,0,0
Nd0 Cs2 Cs2 Nd0,1,0,1,0,0,0,0,0,0,0,0,0,0,0,0,0,3,31
Nac Csp Cs3 O_a,0,0,0,0,0,1,0,0,0,0,0,0,0,0,0,0,0,1
Cs2 C2r C3r Nd0,0,0,0,0,0,0,0,0,0,0,0,0,0,0,0,2,0,7
Cs2 C2r C3r C2r,0,0,0,0,1,0,0,0,0,3,5,0,0,0,2,0,0,8
O_d C3r Nd0 C2r,0,0,3,0,0,0,0,0,0,0,0,1,0,0,0,0,0,0
O_d C3r C2r Nd0,5,0,0,0,0,0,0,0,0,0,0,1,0,0,1,4,0,2
O_a C3r Nd0 C2r,1,0,0,0,0,0,0,0,0,0,0,0,0,0,2,0,1,4
C3r C2r Nd+ C2r,5,3,0,1,1,0,0,0,0,0,0,0,0,0,0,0,0,0
Nd+ C2r C3r Nac,4,0,0,0,0,0,0,0,0,0,0,0,0,0,0,0,0,2
Car SO2 Nd0 Nd0,0,0,0,0,0,0,3,0,1,0,0,2,0,0,0,1,0,0
Cs2 Nd0 Nd0 SO2,0,0,0,1,0,0,1,5,3,0,0,0,0,0,0,0,0,0
Nd0 Nd0 SO2 .=O,3,8,4,1,0,0,0,0,0,0,0,0,0,0,0,6,7,3
Nac Cs2 Cs3 Csp,0,0,0,0,0,0,0,0,0,0,0,0,0,0,1,0,0,1
Cs2 Cs3 Csp Nac,1,1,0,0,0,0,0,0,0,0,0,1,0,0,0,0,0,0
Csp Cs3 Cs2 .=O,3,2,1,1,0,0,0,0,0,0,0,0,0,0,0,0,0,0
Nd+ C3r Car Sul,0,0,0,0,1,0,0,0,0,2,0,1,0,0,2,9,7,4
Car C2r Nac O_d,8,0,0,0,0,0,0,0,0,0,0,0,0,0,0,0,0,10
C2r C2r Nac O_d,2,0,0,0,0,0,0,0,0,0,0,0,0,0,0,0,0,8
Car Nd+ Car .=O,0,0,0,0,0,0,0,0,0,0,0,0,0,0,0,0,0,16
Car C2r Nd0 SO2,2,0,0,0,0,0,0,0,0,0,0,0,0,0,0,0,0,11
C3r SO2 Nd0 C2r,0,2,2,0,0,0,0,0,0,0,0,0,0,0,0,0,0,0
Cs3 C3r SO2 Nd0,6,0,0,0,0,0,0,0,0,0,0,0,0,0,0,0,0,5
SO2 Nd0 C2r .=O,8,0,0,0,0,0,0,0,0,0,0,0,0,0,0,0,0,2
.=O SO2 Nd0 C2r,0,0,0,2,5,1,0,0,0,2,2,2,2,2,0,0,1,6
Nd+ C3r Cs3 Nac,1,0,0,1,1,0,0,0,0,0,0,0,0,0,0,0,0,0
C3r Cs3 Nac C2r,0,0,0,0,0,0,5,4,3,3,7,0,4,1,1,2,1,0
C3r Cs3 Nac C3r,0,0,0,2,3,3,0,1,7,5,2,1,3,3,0,0,0,2
Car C3r SO2 Car,0,0,0,0,0,1,0,0,0,0,0,0,0,0,0,0,0,0
C3r SO2 Car Car,4,1,4,1,0,0,0,2,27,10,1,0,0,0,1,0,1,1
C3r C3r SO2 Car,2,0,5,3,4,5,2,1,1,0,0,0,0,0,3,3,5,10
Nac C3r C3r SO2,2,0,0,1,2,12,0,0,0,4,2,0,0,0,0,0,0,0
Car Nac C3r Nac,2,0,0,0,0,0,0,0,0,0,0,0,0,1,0,5,3,9
C3r Nac Nac C3r,9,0,0,0,0,1,0,0,7,0,0,0,0,0,0,0,0,1
Nac C3r Nac Nac,5,0,0,0,0,0,0,0,0,0,0,2,0,0,0,1,0,1
Sul C3r Car Nac,0,0,0,0,0,0,0,0,0,0,0,0,0,0,0,0,2,2
C3r C2r Nac .=O,0,0,0,0,1,0,0,1,0,0,0,0,0,1,0,1,0,0
C2r C2r Nac .=O,2,0,0,0,0,0,0,0,0,0,0,0,0,0,0,0,0,3
O_a Car C3r Cs3,1,0,0,0,0,1,0,0,0,0,0,0,0,0,0,0,0,1
Car O_a Car C3r,0,0,0,0,0,0,0,0,0,0,0,0,0,0,1,2,3,11
Nd0 Nd0 Cs2 Nd0,0,0,0,0,0,0,0,0,0,0,0,0,0,0,0,0,0,1
Nac Nac SO2 C3r,0,0,0,0,0,1,0,0,0,0,0,0,0,0,0,0,0,0
Nd+ C3r Cs3 O_a,4,0,0,0,5,8,3,4,0,0,0,0,0,0,0,0,2,1
Nac Nd0 Cs2 Car,1,0,0,0,0,0,0,0,0,0,0,0,0,0,0,0,2,21
Cs3 Nac Car Csp,9,1,1,0,2,0,0,0,0,0,0,0,0,0,0,0,0,0
O_a Car Nd0 Cs3,3,3,0,0,0,0,0,0,0,0,0,0,0,0,0,0,3,5
Car O_a Cs2 Car,0,0,0,0,0,0,0,0,0,0,0,0,0,0,0,0,0,9
O_d Cs3 Car Sul,7,1,4,6,2,0,0,0,1,0,0,0,0,0,0,1,0,0
Nac Nac C2r Nac,1,0,1,0,0,0,0,0,0,0,0,0,0,0,0,1,0,1
C2r Nac Nac Cs3,0,0,0,0,0,0,0,0,0,0,0,0,0,0,1,2,3,3
C3r Nac Nac Cs3,0,0,0,0,0,0,0,0,0,0,0,0,1,0,0,0,0,0
Cs3 Nac Nac Cs3,1,0,0,0,0,0,0,0,0,0,0,0,0,1,0,0,0,3
Cs3 Cs2 C3r O_a,0,0,0,1,0,0,6,1,3,0,0,0,0,0,0,0,0,1
Sul Car Nd0 C3r,12,2,0,0,0,0,0,0,0,0,0,0,0,0,1,0,3,8
Csp Car Car Cs2,1,0,0,0,0,0,0,0,0,0,0,0,0,0,0,0,0,0
Nd0 Car Cs2 Cs2,1,0,0,0,0,0,0,0,0,0,0,0,0,0,0,1,1,3
C2r Cs2 Nd0 Cs3,1,0,1,0,0,0,0,0,0,0,0,0,0,0,0,0,0,4
Car Nd0 C3r O_a,0,2,0,0,0,0,0,0,0,1,0,0,0,0,0,0,0,1
C2r O_a C2r C2r,1,0,0,0,0,0,0,1,0,0,0,0,0,0,0,0,0,0
C2r O_a C2r .=O,1,0,0,0,0,0,0,0,0,0,0,0,0,0,0,0,0,0
C2r Nac C2r O_a,5,0,1,0,0,0,0,0,0,0,0,0,0,0,0,0,0,0
Nac C2r C2r O_a,3,0,0,0,0,0,0,0,0,0,0,0,0,0,0,0,0,3
C3r C2r Csp Nac,8,0,0,0,3,2,0,0,0,0,0,1,2,2,0,4,4,5
C3r C3r C2r Csp,1,4,0,0,0,0,0,0,0,0,0,0,0,0,0,1,0,0
C2r C2r C2r Csp,3,0,0,0,0,0,0,0,0,0,0,0,0,0,0,0,0,0
C2r C2r Csp Nac,6,5,3,0,2,1,0,0,0,0,0,0,2,0,2,1,0,7
Csp C2r C3r Cs3,0,0,0,2,0,0,0,0,2,0,0,0,2,0,0,0,1,0
Cs2 C3r Nd0 Car,2,0,0,0,0,0,0,0,0,0,0,0,0,1,0,1,0,0
Cs2 Nd0 Nd0 Cs3,0,0,0,0,0,0,0,0,0,0,0,0,0,0,0,0,1,0
Nac Nac C2r Nd+,1,0,0,0,0,0,0,0,0,0,0,0,0,0,0,0,0,4
C2r Nd+ Cs2 Car,1,0,0,0,0,0,0,0,0,0,0,0,0,0,0,0,0,0
C2r Nd+ Cs2 .=O,2,0,0,0,0,0,0,0,0,0,0,0,0,0,0,0,0,0
Csp Csp C3r Nd+,0,0,0,0,0,0,0,0,0,0,0,0,0,0,0,0,0,1
Csp Car Nac C3r,3,0,0,0,0,0,0,0,0,0,0,1,1,0,0,0,0,0
Car Cs3 Cs3 SO2,0,0,0,0,0,1,0,0,0,0,0,0,0,0,0,5,0,5
O_d Cs3 Cs3 SO2,0,0,1,1,3,4,6,6,8,0,1,0,1,0,2,2,0,2
Cs3 Cs2 Nd0 SO2,1,0,0,0,0,0,0,0,0,0,0,0,0,0,0,0,5,23
C2r Sul C3r Car,0,0,0,0,0,0,0,0,0,0,1,0,0,0,1,0,0,0
Car Cs2 Cs3 Nd+,0,0,0,0,0,0,0,0,0,0,0,0,0,0,0,0,1,1
Car Cs2 Cs3 Car,0,0,0,0,0,0,0,0,0,0,0,0,0,0,0,0,0,1
Car O_a Cs2 Cs3,0,0,0,0,0,0,0,0,0,0,0,1,0,0,0,0,1,3
Cs3 Cs2 Nac Nac,2,0,0,0,0,0,0,0,0,0,0,0,0,0,0,0,0,2
Cs3 Sul Sul Cs3,1,0,0,0,0,1,0,0,0,0,0,0,3,1,1,0,0,1
Cs3 Cs2 Cs3 Nac,0,0,0,0,0,0,0,0,0,0,0,2,1,6,4,4,0,0
C3r Cs3 Cs2 Cs3,0,3,3,0,0,0,1,0,0,2,0,0,0,0,0,0,0,0
Car SO2 C3r Cs3,2,0,0,0,0,0,0,0,0,0,0,0,0,0,0,0,0,2
Cs3 O_a Cs3 Csp,2,0,0,1,0,0,1,0,0,0,0,0,0,0,0,0,0,0
Car Cs3 O_a Nac,0,0,0,0,0,0,0,0,0,0,0,0,0,0,0,0,0,1
O_a Nac Cs2 Cs3,8,0,0,0,0,0,0,0,0,0,0,0,0,0,0,0,0,4
Nac Cs2 C3r C2r,0,0,0,0,0,0,0,0,0,0,0,0,0,0,0,2,0,0
Cs2 C3r C2r C3r,0,0,0,0,0,0,0,0,0,0,0,0,0,0,0,0,1,0
Csp C3r C3r Cs3,1,0,0,0,2,0,0,0,0,0,0,0,0,2,0,0,7,4
C2r C2r Nd0 Nac,12,0,0,0,0,0,0,0,0,0,0,0,0,0,0,0,0,1
C2r Nd0 Nac C3r,1,0,0,0,0,0,0,0,0,0,0,0,0,0,0,0,0,0
Nd0 Cs3 Cs3 C2r,0,0,0,0,0,0,0,0,0,0,0,0,0,0,0,0,0,1
Cs3 Cs3 C2r C3r,3,0,0,3,5,8,1,1,0,1,0,0,0,0,0,0,1,0
Cs3 Cs3 C2r Nac,0,0,0,0,0,0,0,0,0,0,0,0,0,1,0,0,0,0
Cs3 C2r C3r Nd0,0,0,0,0,0,0,0,0,0,0,0,0,0,0,0,0,0,5
C3r Cs3 Sul Sul,1,0,0,0,0,0,0,0,0,0,0,0,0,0,0,0,0,1
Csp Csp C3r O_d,1,0,1,0,0,1,2,0,0,0,0,1,1,0,0,2,0,4
.=O C2r Nac O_d,3,0,0,0,0,0,0,0,0,0,0,0,0,0,0,0,0,0
Car Cs2 Nd0 O_a,0,0,0,0,0,0,0,0,0,0,0,0,0,0,0,0,5,19
Cs2 Nd0 O_a Cs3,1,1,0,0,0,0,2,4,1,2,1,3,0,0,1,0,0,0
Nd0 O_a Cs3 Cs3,1,0,0,0,1,0,1,0,2,1,2,0,0,3,2,2,0,2
.=O Cs2 Nd0 O_a,22,4,0,0,0,0,0,0,0,0,0,0,0,0,0,0,0,0
Car O_a Car SO2,0,0,0,0,0,0,0,0,0,0,0,0,0,0,2,0,0,2
O_a Car SO2 Nd0,0,0,0,0,0,0,0,0,0,0,0,0,0,0,0,0,0,2
O_a Car SO2 .=O,0,0,0,0,0,3,2,0,0,0,0,0,1,0,0,0,0,1
Cs3 Cs2 Nac Cs2,0,0,0,0,0,0,0,0,0,0,0,0,1,0,0,0,0,9
Nac Cs2 Cs2 Nac,1,0,0,0,0,0,0,0,0,0,1,1,0,0,0,0,1,1
Cs3 C3r Cs3 O_a,3,5,1,0,0,0,0,0,0,0,0,0,0,0,0,0,2,1
Car Nac O_a Nac,13,7,5,2,2,1,3,0,3,2,0,0,0,0,0,0,0,0
Cs2 C3r O_a C2r,1,0,0,3,0,1,1,0,0,0,4,2,2,0,0,2,2,1
Nac Car C3r SO2,2,0,0,0,0,0,0,0,0,0,0,0,0,0,0,0,0,3
Nac Car Nac SO2,2,0,1,0,0,1,0,1,5,3,2,0,0,0,0,0,0,2
O_a Cs3 O_a Cs3,0,0,0,0,0,0,0,0,0,0,0,0,0,0,0,0,0,1
Nd+ C3r Cs3 O_d,2,0,3,0,2,20,20,6,4,1,0,0,0,0,0,0,0,2
Cs3 Nac Car C2r,14,4,0,0,0,0,0,0,0,0,0,0,0,0,0,0,0,0
Car O_a Car Hal,0,0,0,0,0,0,0,0,0,0,0,0,0,0,1,0,0,1
C3r Nd0 C2r O_a,9,4,0,0,0,0,0,0,0,0,0,0,0,0,0,0,0,11
C2r Nd+ SO2 C3r,0,0,0,0,0,0,0,0,0,0,0,0,0,0,0,0,0,1
C3r C3r SO2 Nd+,0,0,0,0,0,0,0,0,1,0,0,0,0,0,0,0,0,1
Cs3 Nac C2r O_a,0,0,0,0,0,0,0,0,0,0,0,0,0,0,0,0,2,5
Car Car C2r Cs3,40,5,0,0,0,0,0,0,0,0,0,0,0,0,0,0,0,9
Nd+ Car C2r C2r,10,4,0,0,0,0,0,0,0,0,0,0,0,0,0,0,0,0
Nd+ Car C2r Cs3,0,0,0,0,0,0,0,0,0,0,0,0,0,0,0,0,0,4
Car Nd+ Car C2r,10,0,0,0,0,0,0,0,0,0,0,0,0,0,0,0,0,4
Car C2r Cs2 Cs2,0,0,0,0,0,0,0,0,0,0,0,0,0,0,0,1,0,0
Car C2r Cs3 Cs3,0,0,0,0,0,0,0,1,2,0,2,0,0,0,1,0,0,0
C3r Sul C2r Car,0,0,0,0,0,0,0,0,0,0,0,0,0,0,0,1,0,0
Sul C2r Car Car,0,0,0,0,0,0,0,0,0,0,0,0,0,0,0,0,0,2
Sul C2r Car Nac,4,0,0,0,0,0,0,0,0,0,0,0,0,0,0,0,0,1
Car Nac Nd0 Cs2,0,0,0,0,0,0,0,1,0,0,1,1,0,0,1,0,0,0
C3r C3r Cs2 O_d,1,0,0,0,0,0,0,1,0,1,0,0,0,2,0,0,0,1
Nd0 C3r Cs2 O_d,0,0,0,0,0,0,0,0,0,0,0,0,0,0,0,0,0,3
Nd0 C3r Cs2 Nac,6,0,0,0,0,0,0,0,0,0,0,2,0,0,0,0,0,0
Cs2 Nac SO2 .=O,4,5,4,0,0,0,0,0,0,0,0,0,0,0,0,0,0,1
Cs2 Nac SO2 C3r,0,0,0,0,0,0,0,0,0,0,0,1,0,0,0,0,0,0
O_d Cs2 Nac SO2,7,0,0,0,0,0,0,0,0,0,0,0,0,0,0,0,0,0
O_a Car Cs3 O_a,1,0,0,0,0,0,1,0,0,1,0,0,0,0,0,0,0,1
Cs3 O_a Car Nd0,0,1,0,0,0,0,0,0,0,0,0,0,0,0,0,0,0,0
Cs3 Cs2 Cs3 O_d,0,0,0,0,0,1,0,0,0,0,0,0,0,0,0,2,0,1
Cs2 Cs3 Car Nd0,0,0,0,0,0,0,0,2,0,3,0,0,0,0,0,0,0,0
C2r Car Car Hal,1,0,0,0,0,0,0,0,0,0,0,0,0,0,0,0,0,1
Cs2 Nac Nd0 C3r,1,0,0,0,0,0,0,0,0,1,0,0,0,0,0,0,0,1
Car C3r Nac Nd0,0,1,0,0,0,1,0,0,0,0,0,0,0,0,0,0,0,1
Nd0 Cs2 Nd0 Csp,1,0,0,0,0,0,0,0,0,0,0,0,0,0,0,0,0,1
Csp Nd0 Cs2 Nd+,1,0,0,0,0,0,0,0,0,0,0,0,0,0,0,0,0,1
Cs2 C3r C3r Nd0,0,0,0,0,1,0,4,2,0,1,1,4,0,0,0,1,7,1
C2r Nd+ C3r O_d,0,0,0,0,0,0,0,0,0,0,0,0,0,0,0,0,0,1
O_d C3r Cs3 O_d,0,0,0,0,0,0,0,0,0,0,0,0,0,0,0,1,2,8
C3r Nd+ Car Car,0,0,0,0,0,0,0,0,0,0,0,0,0,0,0,0,0,1
C3r Nd+ Car Nac,0,0,0,0,0,0,0,0,0,0,0,0,0,0,0,0,0,1
Cs2 Cs2 O_a Cs3,0,0,0,0,0,1,0,0,0,0,0,0,0,0,0,0,1,8
Cs2 C2r Nac Car,4,0,0,0,0,0,0,0,0,0,0,0,0,0,0,0,0,7
Cs2 C2r Sul C3r,0,0,0,0,0,0,0,0,0,0,0,0,0,1,0,0,0,0
Cs2 Cs2 C2r Nac,0,0,0,0,0,0,0,0,0,0,0,0,0,0,0,0,0,7
Csp Cs2 Cs2 O_a,0,0,0,0,0,1,0,0,0,0,0,0,0,0,0,0,0,0
Nac Nac C3r C2r,1,1,3,1,0,0,0,0,0,0,0,0,0,0,0,0,0,0
SO2 Cs3 Cs3 Cs2,0,0,0,0,0,0,4,2,0,0,0,0,0,0,0,2,2,4
Nac C2r Car Sul,1,0,0,0,0,0,0,0,0,0,0,0,0,0,0,1,3,0
Sul C2r Car Sul,0,0,0,0,0,0,0,0,0,0,0,0,0,0,0,0,0,1
Cs2 C3r Nac Cs3,0,0,0,0,0,1,0,1,0,0,0,0,0,0,0,0,0,0
O_a Cs2 C3r Nac,12,7,3,0,0,0,0,0,0,0,0,0,0,0,1,0,0,1
Cs3 Cs3 Nac O_a,1,0,0,0,0,0,0,0,0,0,0,0,0,0,0,0,0,0
Cs3 Nac O_a Car,0,0,0,0,0,0,0,0,0,0,0,0,0,0,0,0,0,2
Cs3 Cs3 C3r O_d,2,0,2,0,3,7,3,3,0,0,0,0,0,0,0,0,1,1
Nac Sul Car Nd0,0,0,0,0,0,0,0,0,0,0,0,0,0,0,2,0,0,4
Nac Sul Car Car,26,1,0,0,0,0,0,0,0,0,0,0,0,0,0,0,0,12
Sul Nac Car Car,24,0,0,0,0,0,0,0,0,0,0,0,0,0,0,0,0,6
Car Nac Sul Car,4,3,1,0,1,0,0,0,0,0,0,0,0,0,0,0,0,0
C2r Car Car .=O,0,0,0,0,0,0,0,0,0,0,0,0,1,0,0,0,0,0
Nd0 Nd0 Car Nac,4,0,1,0,0,0,0,0,0,0,0,0,0,0,0,0,0,2
Car Cs3 Nd0 Nd0,0,0,0,0,0,0,0,0,0,0,0,0,0,0,0,0,0,1
Hal Car Nac Cs3,4,2,0,0,0,0,0,0,0,0,0,0,0,0,0,0,0,0
Cs2 Cs2 Nd0 Cs3,1,0,0,0,0,0,0,0,0,0,0,0,2,0,0,0,2,53
Car Cs2 Cs2 Nac,0,0,0,0,0,0,0,0,0,0,2,1,1,0,1,0,0,2
Nd0 Cs3 Car Nd+,0,0,1,0,0,0,0,0,0,0,0,0,0,0,0,1,1,2
Car Nd0 Nac Cs2,0,0,0,0,0,0,0,0,0,0,0,0,0,0,0,0,2,6
Cs2 Cs2 Nac Nd0,2,0,0,0,0,0,0,0,0,0,0,0,0,0,0,0,0,3
.=O Car Car Sul,17,3,2,0,0,0,0,0,1,0,0,0,0,0,0,0,0,0
Cs3 C3r Cs3 Cs2,4,0,2,3,4,0,0,0,0,0,0,0,0,0,0,0,0,0
Car C3r Cs3 Nd+,0,0,0,2,0,0,0,0,0,0,0,0,0,0,0,0,1,2
Car Cs2 Cs2 C3r,0,0,0,0,0,0,0,0,0,0,0,0,0,0,0,0,0,15
Nac Cs3 Csp Nac,0,0,0,0,0,0,0,1,0,0,0,0,0,0,0,0,0,0
Cs2 Nd0 Cs3 Csp,0,0,0,0,0,0,0,0,2,2,1,0,0,0,0,0,0,1
Nd0 Cs3 Csp Nac,1,0,0,0,0,0,0,0,0,0,0,0,0,0,0,0,1,1
Car C2r C3r Nac,2,0,0,0,0,0,0,0,0,0,0,0,0,0,0,0,0,5
Nd0 Nac C2r C2r,10,0,0,0,0,0,0,0,0,0,0,0,0,0,0,0,0,2
Car Nd0 Nac C2r,2,1,0,0,0,0,0,0,0,0,0,0,0,0,0,2,0,5
Csp Csp Car Nd0,1,0,0,0,0,0,0,0,0,0,0,0,0,0,0,0,0,0
Csp Car Car C3r,5,2,2,0,0,0,0,0,0,0,0,0,0,0,0,0,0,0
C3r C3r Cs3 Csp,1,0,1,5,1,3,1,1,0,0,0,0,0,0,0,0,2,9
C3r Cs3 Csp Nac,0,2,1,0,0,1,0,0,0,0,0,0,1,0,0,2,0,0
Csp Cs3 C3r Nac,2,3,3,0,0,0,0,0,0,0,0,0,0,0,0,0,0,0
Cs2 Car Car SO2,24,4,3,0,0,0,1,0,0,1,0,0,0,1,0,0,0,0
C2r C2r Car Nd0,1,0,0,0,0,0,0,0,0,0,0,0,0,0,3,0,0,1
Car C2r Car Nd0,1,0,0,0,0,1,0,0,0,0,0,0,0,0,0,0,0,1
Car Car Nd0 O_a,5,0,0,0,0,0,0,0,0,0,0,0,0,0,0,0,0,0
Cs2 Cs2 Nac Car,6,2,0,0,0,0,0,0,0,0,0,0,0,0,0,0,1,4
Car Nd0 Cs3 C2r,2,2,0,1,0,0,0,0,0,0,0,5,1,1,0,0,0,2
C3r C2r Cs3 Nd0,1,0,0,0,1,0,0,0,0,0,0,0,0,0,0,0,0,0
Nd0 Cs3 C2r Nac,0,0,0,0,0,0,0,0,0,0,0,0,0,1,1,0,0,0
Car Nd0 SO2 Nd0,0,0,0,0,0,0,0,0,0,0,0,0,1,0,0,0,0,0
O_a C2r C2r Sul,0,0,0,0,0,0,0,0,0,0,0,0,0,0,0,0,0,2
Nd0 C2r Cs2 .=O,1,3,1,0,1,0,0,0,0,0,0,0,0,1,1,3,1,1
Cs3 Cs2 Cs3 Sul,0,0,0,0,0,0,0,0,0,0,0,0,0,1,0,1,0,1
C2r Nd+ C2r Car,0,0,0,0,0,0,0,0,0,0,0,0,0,0,0,0,0,2
Nd0 C3r Cs3 Nd+,1,0,0,0,0,0,0,0,0,0,0,0,0,0,0,0,0,0
Car Nd0 C3r Nac,1,0,0,0,0,0,0,0,0,0,0,0,0,1,0,0,0,0
Nd0 C3r Nac C3r,2,0,0,0,0,0,0,0,0,0,0,0,0,0,0,0,0,1
Nac Nac Sul Car,9,1,0,0,0,0,0,0,1,0,0,0,0,0,0,0,0,0
Car Nac Nac Sul,17,0,0,0,0,0,0,0,0,0,0,0,0,0,0,0,0,0
Car Nd0 C3r Nd+,0,0,0,0,0,0,0,0,0,0,0,0,0,0,0,0,1,0
C2r Nd+ C3r Nd0,1,0,0,0,0,0,0,0,0,0,0,0,0,0,0,0,0,0
C2r C2r SO2 .=O,0,0,0,0,0,0,0,0,1,1,7,1,0,1,0,0,0,0
Car C2r SO2 .=O,0,0,0,0,0,0,0,3,0,0,0,0,0,0,0,0,0,0
Car Car C2r SO2,0,0,0,0,0,0,0,1,0,0,1,0,0,0,0,0,0,0
Nd0 C2r C2r SO2,1,0,0,0,0,0,0,0,0,0,0,0,0,0,0,0,0,3
C2r C2r C2r SO2,4,0,0,0,0,0,0,0,0,0,0,0,0,0,0,0,0,0
C3r Sul Car Nac,14,2,0,0,0,0,0,1,0,0,0,0,0,0,0,1,1,2
Cs3 Car Nd+ Nd0,0,0,0,0,0,0,0,0,0,0,0,0,0,0,0,0,0,1
Nd+ Nd0 Car C3r,0,0,0,0,0,0,0,0,0,0,0,0,0,0,0,1,0,0
Nd+ Nd0 Car Nac,0,0,0,0,0,0,0,0,0,0,0,0,0,0,0,0,0,1
Nd0 Nd+ Car Nac,1,0,0,0,0,0,0,0,0,0,0,0,0,0,0,0,0,0
Car Nd+ Nd0 Car,1,0,0,0,0,0,0,0,0,0,0,0,0,0,0,0,0,0
Sul C3r C2r Car,0,0,0,0,0,0,0,0,0,0,0,0,0,0,0,1,0,0
Car Sul C3r C2r,1,0,0,0,0,0,0,0,0,0,0,1,0,0,1,0,0,0
C3r Nac Car Cs3,15,5,8,3,0,1,0,1,0,0,0,0,0,0,0,0,0,0
.=O SO2 Nac O_a,1,0,0,0,0,0,0,0,0,0,0,0,0,0,0,0,0,1
O_a Nac Cs3 Cs2,0,0,0,0,0,0,0,0,0,0,0,0,0,0,0,0,0,1
Cs3 O_a Nac Cs3,0,0,0,0,0,0,0,0,0,1,0,0,0,0,0,0,0,0
.=O Cs2 Nac .=O,0,0,0,0,0,2,0,0,0,0,0,0,0,0,0,0,0,0
.=O Nac C3r C3r,1,0,0,0,0,0,0,0,0,0,0,0,0,0,0,0,0,1
O_d Car Nd0 Car,0,0,0,0,0,0,0,0,0,0,0,0,0,0,0,0,0,1
Nd+ Car Nac C3r,1,1,0,0,0,0,0,0,0,0,0,2,0,0,0,0,3,8
Cs2 Nd0 C2r Nd+,2,0,0,0,0,0,0,0,0,0,0,0,0,0,0,0,0,0
C2r Nd0 Cs2 .=O,0,0,0,0,0,0,0,0,0,0,0,0,0,0,0,1,0,1
Nac Cs3 C3r Nac,0,2,3,0,0,0,0,0,0,0,0,0,0,0,0,0,0,0
Cs3 C2r C2r SO2,0,0,0,0,0,0,0,0,0,0,0,0,0,0,0,0,0,1
Car Car SO2 C2r,1,1,0,0,0,0,0,0,0,0,0,0,0,0,0,0,1,1
C2r C2r Cs3 Nd0,1,0,0,0,0,0,0,0,0,0,0,0,0,0,1,3,3,1
Car O_a Car Csp,0,0,0,0,0,0,0,0,0,0,0,0,0,0,0,1,0,0
O_a Car Csp Csp,0,0,1,0,0,0,0,0,0,0,0,0,0,0,0,0,0,0
Cs2 Nd0 Cs2 Cs2,0,0,0,0,0,0,0,1,1,0,0,1,0,0,0,0,0,5
Nd0 Cs2 Cs2 Cs3,3,0,0,0,1,0,0,0,0,0,0,0,0,0,1,1,0,3
Car C3r C2r Csp,2,14,4,2,0,0,0,0,0,0,0,0,0,0,0,1,12,15
Csp C2r C2r Nd0,16,1,0,0,2,0,0,0,0,0,0,0,0,0,0,0,0,0
Csp C2r C2r O_a,0,0,0,0,0,0,0,0,0,0,0,0,0,0,0,0,2,14
Car O_a C2r Nd0,0,0,0,0,0,0,0,0,0,3,1,3,2,1,0,1,1,0
O_a C3r C3r Csp,0,0,0,0,0,0,0,0,0,0,0,0,0,0,1,0,0,0
Car C3r C3r Csp,0,0,0,0,0,1,0,0,0,0,0,0,1,0,0,0,0,1
C3r Csp Csp C2r,1,0,0,0,0,0,0,0,0,0,0,0,0,0,0,0,0,0
Csp Csp C2r C2r,2,0,0,0,0,0,0,0,0,0,0,0,0,0,0,0,0,0
Csp C2r C2r Csp,1,0,1,0,0,0,0,0,0,0,0,0,0,0,0,0,1,1
C2r Sul C2r .=O,0,0,0,0,0,0,0,0,0,0,0,0,0,0,0,0,1,10
C3r Sul C2r C3r,1,1,0,0,1,0,0,0,1,0,0,1,0,1,0,0,0,0
C3r Sul C2r C2r,1,0,0,0,0,0,0,1,1,0,2,0,0,0,1,0,0,0
Cs2 Cs3 C3r Nd0,2,1,1,0,0,5,1,0,0,0,0,0,0,0,0,0,0,0
C3r Nd0 C2r Cs2,0,0,0,0,0,0,0,1,0,0,0,0,1,0,0,2,0,2
C3r C3r C2r Sul,4,0,0,0,0,0,1,0,0,0,0,0,0,0,1,1,0,6
Sul C2r C3r Cs3,0,0,0,0,2,0,1,0,0,1,0,0,0,0,0,0,0,0
Sul C2r C2r Cs2,9,0,0,1,0,0,0,0,0,0,0,0,0,0,0,0,0,1
Nd0 Cs3 C3r C2r,0,0,1,0,0,0,0,0,0,0,0,0,0,0,0,0,0,0
C3r Nac SO2 Cs2,0,0,0,0,1,0,0,0,0,0,0,0,0,0,0,0,0,0
Cs2 Nd0 Cs2 Cs3,0,0,0,0,0,0,0,0,0,0,0,0,0,0,0,0,1,1
Car C3r Car O_a,0,0,0,0,0,0,1,0,0,0,0,0,0,0,0,0,0,0
Car Nac Nd0 Cs3,0,0,0,0,0,0,0,0,0,0,0,0,0,0,0,0,0,1
.=O Car Nac Nd0,7,0,0,0,0,0,0,0,0,0,0,0,0,0,0,0,0,7
O_a Cs3 C3r Nd0,1,0,0,0,0,0,0,0,0,0,0,0,0,0,0,0,0,0
Car Car C3r Csp,1,1,0,5,2,3,1,3,0,2,1,4,2,2,5,0,2,2
Car C3r Csp Nac,0,1,1,0,0,0,0,0,0,0,0,0,0,1,0,0,0,1
SO2 Nd0 Car O_a,0,0,0,0,0,0,0,0,0,0,0,0,0,0,0,0,0,1
O_a Cs2 Cs2 Cs2,1,0,0,0,0,0,0,0,0,0,0,0,0,0,0,0,1,4
Cs2 C3r C3r Csp,0,0,0,0,0,0,0,0,0,0,0,0,0,0,0,0,0,1
O_d C3r C2r Nac,0,0,0,1,0,0,0,0,0,0,5,4,0,0,2,3,1,0
C3r Nac Car Cs2,3,4,1,0,0,0,0,0,0,0,0,0,0,0,0,0,0,0
Car C2r C2r Nd+,0,0,0,0,0,0,0,0,0,0,0,0,0,0,0,0,0,1
C2r C2r C2r Nd+,11,0,0,0,0,0,0,0,0,0,0,0,0,0,0,0,0,9
Nac C2r Nd+ SO2,1,0,0,0,0,0,0,0,0,0,0,0,0,0,0,0,0,0
O_d C3r C2r Nd+,2,0,0,0,0,0,0,2,2,0,0,0,0,0,0,0,0,0
Car C2r C3r O_d,1,1,4,0,0,0,0,0,0,0,0,0,1,0,0,0,1,5
C2r O_a Car Nac,0,0,0,0,0,1,0,0,2,1,1,0,1,2,0,0,0,0
Car C3r C2r Cs3,1,0,0,0,0,2,2,0,0,0,0,0,0,0,0,0,0,0
Nac Nac C2r Cs3,0,0,0,0,0,0,0,0,0,0,0,0,0,0,0,0,0,1
C2r C2r Cs2 Nac,0,0,0,0,0,1,1,0,0,0,0,0,0,0,1,0,0,0
C2r Cs2 Nac C3r,8,0,0,0,0,0,0,0,0,0,0,0,0,0,0,0,0,5
Nd0 Car SO2 .=O,0,0,0,0,0,0,0,0,0,0,0,0,0,0,0,0,0,1
Cs3 O_a C2r C2r,2,0,0,0,0,0,2,0,0,0,0,2,0,0,0,0,0,5
O_a C3r Cs3 Car,0,0,0,0,5,11,1,0,0,0,0,0,0,0,0,0,0,1
O_a C2r C3r O_d,0,0,0,0,0,0,0,0,1,0,0,0,2,0,0,2,0,0
O_a C2r C3r Car,2,0,7,4,0,0,0,0,0,0,0,0,0,0,0,0,0,2
C3r Nac SO2 C3r,0,2,0,0,0,0,0,0,0,0,0,0,0,0,0,0,0,1
Sul Car Sul Nac,0,0,0,0,0,0,0,0,0,0,0,0,0,0,0,0,0,1
O_a C3r Car O_a,1,0,0,0,0,0,0,0,0,0,0,0,0,0,0,0,0,0
C3r C2r Nac O_d,4,0,0,0,0,0,0,0,1,0,0,0,0,0,0,0,1,3
Car Nd0 C2r O_a,2,1,1,0,0,0,0,0,0,0,0,0,0,0,0,0,2,2
Sul C3r Sul C3r,0,0,0,0,0,0,0,0,0,0,0,0,1,0,0,0,0,1
Sul C3r C3r Sul,3,0,0,0,0,0,0,0,0,0,0,0,0,0,0,0,0,1
Cs3 C3r Nac O_d,2,0,0,0,0,0,0,1,2,0,0,0,0,0,1,0,0,0
C3r C3r Nac O_d,0,0,0,0,0,0,0,0,0,0,0,1,0,0,0,0,1,6
Nac Sul Car Nac,4,0,0,0,0,0,0,0,0,0,0,0,0,0,0,0,0,2
Nac Car Nac Sul,4,0,0,0,0,0,0,0,0,0,0,0,0,0,0,0,0,2
Cs3 Sul Cs3 Csp,1,0,0,0,0,0,0,0,0,0,0,0,0,0,0,0,0,0
Nd0 SO2 Nac Cs3,2,0,1,2,1,0,0,0,2,1,0,0,0,0,1,0,1,1
Nac Csp C2r Nac,0,0,0,0,0,0,0,0,0,0,0,0,0,0,0,0,0,1
Car Nac C2r Csp,0,0,0,0,0,0,0,0,0,0,0,0,0,0,2,0,0,1
Nac C2r Cs2 Nd0,2,0,1,0,0,0,0,0,0,0,0,0,0,0,0,0,0,4
Cs3 Nd+ Cs2 Car,0,0,0,0,0,0,0,0,0,0,0,0,0,0,0,0,0,10
Csp Cs3 Nd0 Car,2,0,0,0,0,0,0,0,0,0,0,0,0,0,0,0,0,0
SO2 Cs3 C3r Cs2,0,0,0,0,0,0,0,0,0,0,0,0,0,0,0,0,0,1
Nd0 Car Cs3 O_d,3,2,0,0,0,0,0,0,0,0,1,0,1,0,0,0,0,2
C3r C2r C2r O_d,4,0,0,0,0,0,0,0,0,0,0,0,0,0,0,0,0,0
Nd0 Cs3 C3r Car,1,0,5,1,0,0,0,0,0,0,0,0,0,0,0,0,4,2
Nac C2r C2r Nd+,10,0,0,0,0,0,0,0,0,0,0,0,0,0,0,0,0,8
Car Cs2 Cs3 Nd0,1,0,0,0,0,0,0,0,0,0,0,0,0,0,0,0,0,0
Sul Car C3r Nac,1,0,1,0,2,0,2,0,0,0,0,0,0,0,0,1,5,3
Nd+ Cs3 C3r O_d,0,0,0,0,0,0,0,0,0,0,1,0,0,0,0,0,0,0
Csp Csp C3r C2r,1,0,0,0,0,0,0,0,0,0,0,0,0,0,0,0,0,0
Car Cs2 Nac C2r,0,1,0,0,0,0,0,0,0,0,0,0,0,0,0,0,0,1
.=O Cs2 C2r Car,1,0,0,0,0,0,0,0,0,0,0,0,0,0,0,0,0,0
O_a Nac Car O_d,0,0,0,0,0,0,0,0,0,0,0,0,0,0,0,0,0,2
O_a C2r Nd+ C2r,1,2,0,0,0,0,0,0,0,0,0,0,0,0,0,0,0,0
C3r Cs3 SO2 Cs3,1,0,0,0,0,0,0,0,0,0,0,0,0,0,0,0,2,1
Cs2 Cs3 Cs3 Hal,0,0,0,0,0,0,0,0,0,0,0,0,0,0,0,0,1,0
Cs3 Cs3 Cs3 Hal,0,0,0,0,3,1,1,0,0,0,0,0,0,0,2,0,0,0
Cs2 Nd0 Cs3 Nd0,2,0,0,0,0,0,0,0,0,0,0,0,0,0,0,0,0,0
Nd0 Cs2 Nd+ Csp,3,0,0,0,0,0,0,0,0,0,0,0,0,0,0,0,0,1
Cs3 Nac C2r Cs2,4,0,0,0,0,0,0,1,0,0,1,0,2,0,0,0,0,1
O_a C3r Sul Cs3,0,1,2,0,0,0,0,0,0,0,0,0,0,0,0,0,0,0
Cs3 Nac C3r O_a,1,0,0,0,0,0,0,0,0,0,1,0,0,0,0,0,0,0
Cs3 O_a C3r Car,0,1,2,0,0,0,0,0,0,0,0,0,0,0,0,0,0,4
Nd0 C3r Car Nd+,0,0,0,0,0,0,0,0,0,0,0,0,0,0,0,0,0,1
O_d C3r Car Nd+,0,0,0,0,0,0,0,0,0,0,0,0,0,0,2,0,0,0
O_d C2r Car Car,0,0,0,0,0,0,0,0,0,0,0,0,0,0,0,0,0,1
Cs3 Nd+ C2r Sul,2,0,0,0,0,0,0,0,0,0,0,0,0,0,0,0,0,1
O_a C3r Csp Csp,1,0,0,0,0,0,0,0,0,0,0,0,0,0,0,0,0,0
Car C3r Csp Csp,0,1,0,1,0,1,0,0,0,0,0,0,0,0,0,0,0,0
C3r Csp Csp C3r,3,1,1,0,0,0,1,0,0,0,1,0,0,0,0,0,1,1
Csp C3r O_a C2r,0,0,0,0,0,0,0,0,0,0,0,0,0,0,0,0,2,1
Csp Csp C3r Cs3,0,0,0,0,1,0,0,0,0,0,0,0,0,0,0,0,0,0
Nac Cs3 C3r C2r,2,0,0,0,0,0,0,0,0,0,0,0,0,0,0,0,0,0
Nac Cs3 C3r Cs3,0,0,0,0,0,0,0,0,0,0,0,0,0,0,0,0,0,1
Nd0 Nac Nac Cs3,1,0,0,0,0,0,0,0,0,0,0,0,0,0,0,0,0,1
Cs2 Car O_a Nac,0,0,0,0,0,0,0,0,0,0,0,0,0,0,1,0,0,1
Nd0 Car C2r Nac,0,0,0,0,0,0,0,0,0,0,0,0,0,0,0,0,0,4
Nd0 Cs3 Cs3 Hal,4,0,0,0,0,0,0,0,0,0,0,0,0,0,0,0,0,1
Car Nd0 SO2 O_d,0,0,1,1,0,0,0,0,0,0,0,0,0,0,0,0,0,2
Cs3 Cs3 SO2 O_d,2,0,0,1,0,0,0,0,0,0,0,0,0,0,0,0,2,0
Nd+ C2r C2r Cs3,6,0,0,0,0,0,0,0,0,0,0,0,0,0,0,0,0,11
O_a Cs3 Cs2 O_a,0,0,0,0,0,0,0,0,0,0,1,0,0,0,0,0,0,0
Cs3 Cs3 Sul C3r,1,0,1,2,3,2,0,0,0,1,1,0,1,0,0,0,0,0
Cs3 Sul C3r Car,0,0,0,0,2,0,0,0,2,2,0,0,0,1,1,0,0,1
SO2 Nd0 C3r Cs3,3,0,0,0,0,0,0,0,0,0,0,0,0,0,0,0,0,1
Nd0 C3r Cs3 Hal,0,3,0,0,0,0,0,0,0,0,0,0,0,0,0,0,0,1
C2r Nac C2r O_d,0,0,0,0,0,0,0,0,0,0,0,0,0,0,0,0,3,2
Sul C2r C2r O_d,0,0,0,0,0,0,0,0,0,0,0,0,0,0,0,1,0,0
Sul Car Cs2 O_a,1,1,1,0,0,0,0,0,0,0,0,0,0,0,0,0,0,3
Cs2 Cs3 Nd0 C2r,0,0,0,0,0,0,0,0,0,0,0,0,1,3,0,0,0,2
Car Nac Nd+ Car,1,0,0,0,0,0,0,0,0,0,0,0,0,0,0,0,0,0
Nac Car Nac Nd+,0,0,0,0,0,0,0,0,0,0,0,0,0,0,0,0,0,1
Car Car Nac Nd+,5,1,0,0,0,0,0,0,0,0,0,0,0,0,0,0,0,1
Car Car Nd+ Nac,3,0,0,0,0,0,0,0,0,0,0,0,0,0,0,0,0,3
Nd+ Nac Cs3 Cs3,3,0,0,0,0,0,0,0,0,0,0,0,0,0,0,0,1,5
C2r C3r Car Sul,0,0,0,2,0,0,0,0,0,0,0,0,0,0,0,0,0,0
Nd0 C3r Car Sul,0,0,0,0,0,0,0,0,0,0,0,0,0,0,0,0,0,1
Cs2 Nd0 Cs2 O_a,1,0,0,0,0,0,0,0,0,0,0,0,0,0,0,0,0,3
Car Cs3 C2r Nac,0,2,0,0,0,0,0,0,0,0,0,0,0,4,0,0,0,0
C2r C2r Nd+ C3r,1,0,0,0,0,0,0,0,0,0,0,0,0,0,0,0,0,5
C2r Nd+ C3r O_a,0,0,0,0,0,0,0,0,0,0,0,0,3,2,0,0,0,0
C2r C3r O_a O_d,1,0,0,0,0,0,0,0,0,0,0,0,0,0,0,0,0,0
Nd+ C3r O_a O_d,0,0,0,0,0,0,0,0,0,0,0,0,0,0,0,0,0,1
Car SO2 Nd+ C2r,1,0,0,0,0,0,0,0,0,0,0,0,0,0,0,0,0,0
SO2 Nd+ C2r Car,1,0,0,0,0,0,0,0,0,0,0,0,0,0,0,0,0,1
Car C2r Car Nac,1,0,0,0,0,0,0,0,0,0,0,0,0,0,0,0,0,12
C2r C2r Cs3 O_a,0,0,0,0,0,0,0,1,0,0,2,1,1,1,1,0,0,1
C2r Cs3 O_a Cs3,1,0,0,0,0,0,0,0,0,0,0,0,0,0,0,0,0,0
Nd0 C2r Cs3 O_a,0,0,0,0,0,0,0,0,0,0,0,1,0,0,0,0,0,0
Car Nd0 C2r Cs3,0,0,0,0,0,0,0,0,0,0,0,0,0,0,0,0,1,8
Nd0 C2r Cs3 Nd0,0,1,3,2,0,0,0,0,0,0,0,0,0,0,0,0,0,0
Csp C3r C3r Nd0,0,0,0,0,0,0,0,2,0,0,0,0,0,0,0,0,0,1
Car Car O_a Nd0,2,1,0,0,0,0,0,0,0,0,0,0,0,0,0,0,0,0
Car O_a Nd0 Car,2,0,0,0,0,0,0,0,0,0,0,0,0,0,0,0,0,0
C2r Nac Cs2 O_a,0,0,0,0,0,0,0,0,0,0,0,0,0,0,0,0,0,2
C3r C2r Nac Cs2,0,0,0,0,0,0,0,0,0,0,0,0,0,0,0,0,0,2
Car Nac C3r Sul,0,0,0,0,0,0,0,0,0,0,0,0,0,0,0,0,2,0
C3r C2r O_a Cs3,2,0,0,0,0,0,0,0,0,0,0,0,0,0,0,0,0,0
Nd0 Car C3r Cs2,0,0,0,0,0,0,0,0,0,0,0,0,1,1,0,0,0,1
C2r C2r Nac Nac,19,0,0,0,0,0,0,0,0,0,0,0,0,0,0,0,0,0
Nd+ Cs2 C3r C3r,0,0,0,0,0,0,0,0,0,0,0,0,0,2,0,0,0,0
Nd+ Cs2 C3r Nac,1,0,0,0,0,0,0,0,0,0,0,0,0,0,0,0,0,0
C3r C2r Cs3 O_a,0,0,0,1,0,0,0,1,0,0,0,1,0,2,0,0,0,0
C2r Cs3 O_a Cs2,0,0,0,0,0,0,0,0,0,0,0,0,0,0,1,3,0,2
Cs2 C2r Nac SO2,1,0,0,0,0,0,0,0,0,0,0,0,0,0,0,0,0,0
Car Cs2 Cs2 Hal,1,0,0,0,0,0,0,0,0,0,0,0,0,0,0,0,0,3
Cs3 O_a Cs2 Nd+,0,0,0,0,0,0,0,0,1,0,0,0,0,0,0,0,0,0
O_a Cs2 Nd+ Cs3,0,0,0,0,0,0,0,0,0,0,0,0,0,0,1,1,0,4
Nac C3r C2r Cs3,0,0,0,0,0,0,0,0,0,0,0,0,0,1,0,0,0,1
O_a Cs3 Cs2 Cs3,0,0,0,0,0,0,0,0,0,0,0,0,0,0,0,0,1,0
Cs3 Nac C3r Nac,0,0,1,1,0,0,0,0,0,0,0,0,0,1,0,1,0,0
Cs2 Cs3 SO2 Cs3,0,4,0,0,0,0,0,0,0,0,0,0,0,0,0,0,0,0
Car O_a Car Sul,0,0,0,0,0,0,0,0,0,0,0,0,0,0,0,0,0,8
Cs2 Nd0 SO2 Nac,1,0,0,0,0,0,1,0,0,0,0,0,0,0,0,0,0,0
Nac Nac C3r Cs2,0,0,0,0,0,0,0,1,0,0,0,0,0,0,0,0,0,0
Cs3 Cs2 C2r Nac,0,1,0,0,0,0,0,0,0,0,0,0,0,0,0,0,0,0
C2r Nd0 C2r Nac,13,0,0,0,0,0,0,0,0,0,0,0,0,0,0,0,0,1
Cs3 C2r Car Nac,0,0,0,0,0,0,0,0,0,0,0,0,0,0,0,0,0,25
Nac Car Cs2 Nd+,3,0,0,0,0,0,0,0,0,0,0,0,0,0,0,0,0,0
Cs2 Nd+ Cs2 Nd0,3,0,0,0,0,0,0,0,0,0,0,0,0,0,0,0,0,4
Car Nac Cs3 O_d,0,0,0,0,0,0,0,0,0,0,0,0,0,0,0,0,0,1
C3r Nd+ C3r O_d,0,0,0,0,0,0,0,0,0,0,0,0,0,1,0,0,0,0
C2r C3r Cs2 Cs2,0,0,0,0,0,0,0,0,0,2,0,0,0,0,0,0,0,0
Cs2 Nac Nac Cs2,1,0,1,0,0,0,0,0,0,0,0,0,0,1,0,0,0,1
Cs3 SO2 Cs3 Car,1,0,0,0,0,0,0,0,0,0,0,0,0,0,0,0,1,3
Car Sul Sul Car,0,0,0,0,0,0,0,0,0,1,0,0,0,0,0,0,0,0
C3r Nac Cs2 Nd+,4,4,0,0,0,0,0,0,0,0,0,0,0,0,0,0,2,2
Cs3 Nac Car Nd+,0,0,0,0,0,0,0,0,0,0,0,0,0,0,0,0,2,2
Car C2r Nd+ Car,2,0,0,0,0,0,0,0,0,0,0,0,0,0,0,0,0,1
Cs3 Nac Cs3 O_d,2,0,0,0,0,0,0,0,0,0,0,0,0,0,0,0,0,2
C2r C2r Car Sul,0,0,0,0,0,0,0,0,0,0,0,0,0,0,0,0,0,2
C2r Car Car Nd+,1,1,0,1,0,0,0,0,0,0,0,0,0,0,0,0,0,0
C2r C3r C2r Nd+,2,0,0,2,0,3,2,0,0,0,0,0,0,0,0,0,0,0
Nac Cs2 C2r C3r,0,0,0,0,0,0,0,0,0,0,0,0,0,0,0,0,1,1
Csp Car Car O_d,6,1,3,0,0,0,0,0,0,0,0,0,0,0,0,0,0,0
Nd0 C2r Nd+ Nac,4,0,0,0,0,0,0,0,0,0,0,0,0,0,0,0,0,1
C2r Nd+ Nac .=O,1,0,0,0,0,0,0,0,0,0,0,0,0,0,0,0,0,1
Nd0 Nd+ C2r Nac,1,0,0,0,0,0,0,0,0,0,0,0,0,0,0,0,0,0
Nd+ Nd0 C2r .=O,0,0,0,0,0,0,0,0,0,0,0,0,0,0,0,0,0,1
Cs3 O_a C3r Nd0,0,0,0,1,0,0,0,0,0,0,0,0,0,0,0,0,0,0
Nac Cs3 Cs3 Nac,3,1,5,3,0,0,0,0,0,0,0,0,0,1,0,3,0,11
C3r C2r Car Nd0,1,0,0,0,0,0,0,0,0,0,0,0,0,0,0,0,0,0
C2r C2r Nd0 Cs2,2,0,0,0,0,0,0,0,0,0,0,0,0,0,0,0,0,0
Cs3 C3r Nac Nd0,0,0,0,0,0,0,0,0,0,0,0,0,0,0,0,0,0,1
C2r Sul C3r O_a,2,0,0,0,0,0,0,0,0,0,0,0,0,0,0,1,0,0
C3r C2r O_a Car,0,0,0,0,0,0,0,0,0,0,0,0,0,0,0,0,0,2
Nd0 Car Cs3 Nac,0,0,0,0,0,1,1,0,0,0,0,0,0,0,0,0,0,0
Nd0 C3r Cs2 O_a,1,0,0,0,0,0,0,0,0,0,0,0,0,0,0,0,0,0
Nac C3r Nac SO2,0,0,0,0,0,0,0,0,0,1,0,0,0,0,0,0,0,0
C2r Nd0 SO2 Car,2,0,0,0,0,1,0,0,0,0,0,0,0,0,0,0,0,1
Nd+ C2r Nd0 SO2,2,1,0,0,0,0,0,0,0,0,0,0,0,0,0,0,0,0
Nd+ Car Car SO2,1,0,0,0,0,0,0,0,0,0,0,0,0,0,0,0,0,0
Nac Nd0 Car O_a,3,0,0,0,0,0,0,0,0,0,0,0,0,0,0,0,0,2
Nac C2r Cs2 Nac,1,0,0,0,0,0,0,0,0,0,0,0,0,0,0,0,0,1
O_d SO2 Nd0 C3r,2,0,0,0,0,0,0,0,0,0,0,0,0,0,0,0,0,2
C3r Nac Nd0 Cs2,1,0,0,0,0,0,0,0,0,0,0,0,0,0,0,0,0,0
O_a Cs2 Cs2 .=O,1,0,0,0,0,0,0,0,0,0,0,0,0,0,0,0,0,1
Cs3 Car Nac Sul,0,0,0,0,0,0,0,0,0,0,0,0,0,0,0,0,0,3
Sul Car Car Nd+,2,0,0,0,0,0,0,0,0,0,0,0,0,0,0,0,0,0
Hal Cs3 Cs3 Hal,1,0,0,1,1,0,0,0,0,0,0,0,0,0,0,0,0,1
C2r Nd0 Nac Car,1,0,0,0,0,0,0,0,0,0,0,0,0,0,0,0,1,4
Nd0 Nac C2r O_a,0,0,0,0,0,0,0,0,0,0,0,0,0,0,0,0,0,2
.=O C2r Car Sul,1,1,0,0,0,1,0,0,2,0,0,0,0,0,0,0,0,0
Nac C3r Cs2 Cs2,0,0,0,0,0,0,0,0,0,0,0,0,0,0,0,0,0,3
Csp C2r C2r Cs3,0,0,0,0,0,0,0,0,0,0,0,0,0,0,0,0,0,1
Sul Cs3 Cs3 Nac,1,0,0,0,0,0,0,0,0,0,0,0,0,0,0,0,0,0
Nac Cs3 Cs3 Hal,0,1,1,0,0,0,0,0,0,0,0,0,0,0,0,0,0,1
Nd0 C3r Nac C2r,1,0,0,3,0,0,0,0,0,0,0,0,0,0,0,0,0,3
C3r C3r Cs3 C3r,0,0,0,1,4,14,6,1,4,1,0,0,0,0,0,2,4,18
Nac C3r Nd0 C2r,4,0,0,0,0,0,0,0,0,0,0,0,0,0,0,0,0,0
Cs2 Cs2 Nac O_d,0,0,0,0,0,0,0,0,0,0,0,0,0,0,0,0,1,0
SO2 C3r C3r Nd0,0,0,0,0,0,0,0,0,0,0,0,0,0,0,0,0,0,1
O_a Nd0 Car Nac,0,0,0,0,0,0,0,0,0,0,0,0,0,0,0,0,0,1
Cs3 Car O_a Nd0,0,0,0,0,0,0,0,0,0,0,0,0,0,0,0,0,0,1
C3r Cs3 C3r Nd+,1,0,0,0,0,0,0,0,0,0,0,0,0,0,0,0,0,0
C3r Cs3 C3r Car,1,0,0,0,0,0,0,0,0,0,0,0,0,0,0,0,0,0
C3r Cs3 C3r Nd0,1,0,0,0,0,0,0,0,0,0,0,0,0,0,0,0,0,0
C3r Cs3 Cs3 SO2,1,0,0,0,0,0,1,0,0,0,0,1,0,0,0,0,0,0
C2r C3r O_a Cs2,0,0,1,0,0,0,0,4,2,1,0,0,0,0,0,0,0,0
C2r Nd0 O_a Nd0,4,0,0,0,0,0,0,0,0,0,0,0,0,0,0,0,0,0
C2r C2r Nd0 O_a,2,1,0,0,0,0,0,0,0,0,0,0,0,0,0,0,0,0
Nd0 C2r Car Nd+,0,0,0,0,0,0,0,0,0,0,0,0,0,0,0,0,0,2
C3r C2r C2r Csp,1,0,0,0,0,0,0,0,0,0,0,0,0,0,0,0,0,3
Cs3 C2r Nac Cs3,2,1,0,0,0,0,0,0,0,0,0,0,0,0,0,0,0,0
C3r C3r Nac Nd+,0,0,0,0,0,1,0,0,0,0,0,0,0,0,0,0,0,0
SO2 Nac C2r Nd0,6,0,0,0,0,0,0,0,0,0,0,0,0,0,0,0,1,0
Nac C3r C2r O_d,0,0,0,0,0,0,0,0,0,0,0,0,0,0,1,0,0,2
Cs3 Sul Cs2 .=O,0,0,0,1,0,0,0,0,0,0,0,0,0,0,0,0,0,0
Car Nac Sul Nac,9,1,0,0,0,0,0,0,0,0,0,0,0,0,0,0,0,0
Car SO2 Car Nac,1,0,0,0,0,0,0,0,0,0,0,0,0,0,0,0,0,1
O_d C2r C3r Cs3,0,0,0,0,0,0,0,0,0,1,0,0,0,0,0,0,0,0
Cs3 Cs2 Nd+ C3r,0,0,0,0,0,0,0,0,0,0,0,0,0,0,0,0,1,3
Cs2 Nd+ C3r C2r,1,0,1,0,0,1,0,0,0,0,0,0,0,0,0,0,0,0
C3r Nd+ Cs2 .=O,5,0,0,0,0,0,0,0,0,0,0,0,0,0,0,0,0,0
Nd+ C3r Cs2 O_a,1,0,0,0,0,0,0,0,0,0,0,0,0,0,0,1,0,2
Cs2 Nd0 C2r C3r,0,0,0,0,0,0,0,0,0,0,0,0,0,0,0,0,0,1
Nd0 Cs2 Nd+ O_d,7,0,0,0,0,0,0,0,0,0,0,0,0,0,0,0,0,0
Car Cs2 Nd+ O_d,0,0,0,0,0,0,0,0,0,0,0,0,0,0,0,0,0,7
Nd+ C3r Nd+ C3r,1,0,0,0,0,0,0,0,0,0,0,0,0,0,0,0,2,1
C3r Nd+ SO2 Nd+,1,0,0,0,0,0,0,0,0,0,0,0,0,0,0,0,0,0
Nac Nac C2r Nd0,1,0,0,0,0,0,0,0,0,0,0,0,0,0,0,0,0,1
C2r Nd+ C2r Cs2,0,0,0,0,0,0,0,1,0,0,0,0,0,0,0,0,0,4
Car Cs2 C2r Nd+,2,0,0,0,0,1,0,0,0,0,0,0,0,0,0,0,0,0
Nd0 Nac C3r Sul,1,0,0,0,0,0,0,0,0,0,0,0,0,0,0,0,0,0
Sul Cs2 Car Car,1,0,0,0,0,0,0,0,0,0,0,0,0,0,0,0,0,1
C2r Car O_a Car,0,0,0,0,0,0,0,0,0,0,0,0,0,0,0,0,0,1
C3r Cs3 C3r C2r,0,0,0,0,0,0,0,0,0,0,0,1,0,0,0,0,0,1
C3r Nac Nd0 Car,0,0,0,0,0,0,0,0,0,0,0,0,0,0,0,0,0,1
C2r Nd+ Nac Cs3,2,2,0,0,0,0,0,0,0,0,0,0,0,0,0,0,0,0
Hal Cs3 Cs3 O_d,0,0,0,0,0,0,0,0,0,0,0,0,0,0,0,0,0,1
C3r C3r Cs2 C3r,0,0,0,0,0,0,0,0,0,0,0,0,0,0,1,0,0,0
.=O SO2 C3r Cs2,0,0,0,0,0,0,0,0,0,0,0,0,0,0,0,0,0,2
O_a C2r Cs2 Cs3,0,0,0,0,0,0,0,0,0,0,0,0,0,0,0,0,0,2
Sul Car Nac .=O,1,0,0,0,0,0,0,0,0,0,0,0,0,0,0,0,0,2
Nd+ C2r C3r Sul,0,2,0,0,0,0,0,0,0,0,0,0,0,0,0,0,0,0
O_a Nd+ C2r C3r,0,0,0,0,0,0,0,0,0,0,0,0,0,0,0,1,0,0
Cs3 Nd+ Cs2 Nd0,4,0,0,0,0,0,0,0,0,0,0,0,0,0,0,0,0,4
Nd0 Nac Nd0 C2r,3,0,0,0,0,0,0,0,0,0,0,0,0,0,0,0,0,1
Car C2r Nac .=O,0,0,0,0,0,0,0,0,0,0,0,0,0,0,0,0,0,1
Nd0 Car Nd0 C3r,0,0,0,0,0,0,0,0,0,0,0,0,0,0,0,0,0,2
C2r Cs2 Nac .=O,1,0,0,0,0,0,0,0,0,0,0,0,0,0,0,0,0,1
Nac Cs2 Nd0 SO2,0,0,0,0,0,0,0,0,0,0,0,0,0,0,0,1,0,1
Nac Car Nac .=O,1,0,0,0,0,0,0,0,0,0,0,0,0,0,0,0,0,1
Car Car Cs2 Hal,0,0,0,0,1,0,0,0,0,0,0,0,0,0,0,0,0,0
SO2 Nd+ Cs3 Cs3,0,0,0,0,0,0,0,0,0,0,1,0,0,0,0,0,0,0
Car O_a Cs2 Nd0,0,0,0,0,0,0,0,0,0,0,0,0,0,0,0,1,0,0
Nd0 C3r Car O_a,0,0,0,0,0,0,0,0,0,0,0,0,0,0,0,0,0,1
Car Cs2 Nd+ C3r,0,1,0,0,0,0,0,0,0,0,0,0,0,0,0,0,0,0
Cs2 Nac Car .=O,1,0,0,1,0,0,0,0,0,0,0,0,0,0,0,0,0,0
Nd+ Car Car Csp,1,0,0,0,0,0,0,0,0,0,0,0,0,0,0,0,0,1
C2r Cs3 Cs3 Car,1,0,0,0,0,0,0,0,0,0,0,0,0,0,0,0,0,0
Cs2 Car Nac O_d,1,0,0,0,0,0,0,0,1,0,0,1,0,0,0,0,0,0
Cs3 Nd0 Nd0 Cs3,0,0,0,0,0,0,0,0,0,1,0,0,0,0,0,0,0,0
C2r Cs2 Car O_a,1,0,0,0,0,0,0,0,0,0,0,1,0,0,0,0,0,0
O_d Cs3 Car O_a,1,0,0,0,0,0,0,0,0,0,0,0,0,0,0,0,0,2
Nd+ C2r C2r .=O,0,0,0,0,0,0,0,0,0,0,0,0,0,0,0,0,0,1
O_d C3r Cs2 Cs2,0,0,0,0,0,0,0,0,0,0,0,0,0,0,0,0,0,1
C2r C3r C3r Hal,1,0,0,1,0,0,0,0,0,0,0,0,0,0,0,0,0,1
C3r C3r C2r Hal,0,0,0,0,0,0,0,0,0,0,0,0,0,0,0,0,0,1
Hal C3r C3r Hal,1,0,0,0,3,0,0,0,0,0,0,0,0,0,0,0,0,1
C3r Cs2 Car Sul,0,0,0,0,0,0,0,0,0,0,0,0,0,0,0,0,0,1
C3r C2r Nd+ Nac,0,0,0,0,0,0,0,0,0,0,0,0,0,0,0,0,0,2
C3r Cs3 Cs3 Csp,0,0,0,0,1,0,0,0,0,0,0,0,0,0,0,0,0,0
Cs2 Nd0 Nac C2r,0,0,0,0,0,0,0,0,0,0,0,0,0,0,0,0,0,1
Csp Cs2 Cs2 Cs2,1,0,0,0,0,0,0,0,0,0,0,0,0,0,0,0,0,0
O_a Car C3r C2r,0,0,0,0,0,0,0,0,0,0,0,0,0,0,0,0,0,1
.=O SO2 Nac SO2,0,0,0,0,0,0,0,0,0,0,0,0,0,0,0,0,1,1
Cs2 Cs2 Cs2 Hal,1,0,0,0,0,0,0,0,0,0,0,0,0,0,0,0,0,0
O_a Cs3 Cs3 Hal,0,0,0,0,0,0,0,0,0,0,0,0,0,0,0,0,0,1
Cs3 Sul Cs3 Nac,0,0,0,0,0,0,0,0,0,0,0,0,0,0,0,0,0,1
Cs3 C3r SO2 Nac,1,0,0,0,0,0,0,0,0,0,0,0,0,0,0,0,0,0
.=O Cs2 Nac O_a,2,0,0,0,0,0,0,0,0,0,0,0,0,0,0,0,0,0
C2r Nd+ Cs2 Cs3,0,0,0,0,0,0,0,0,0,0,0,0,0,0,0,0,0,1
C2r Nd0 Nac Cs2,0,0,0,0,0,0,0,0,0,0,0,0,0,0,0,0,0,1
Nd+ C2r Nd0 Nac,0,0,0,0,0,0,0,0,0,0,0,0,0,0,0,0,0,1
Nd0 Car Nac .=O,1,0,0,0,0,0,0,0,0,0,0,0,0,0,0,0,0,0
C2r C2r Nd+ Cs3,0,0,0,0,0,0,0,0,0,0,0,0,0,0,0,0,0,1
Csp Cs2 Cs2 Csp,0,0,0,0,0,0,0,0,0,1,0,0,0,0,0,0,0,0
