{
  "model_name": "hist_gradient_boosting",
  "mean_fit_time": 1.2232783794403077,
  "std_fit_time": 0.17237936503648127,
  "mean_score_time": 0.10465879440307617,
  "std_score_time": 0.020824546071626305,
  "param_model__C": NaN,
  "param_preprocess__cat__imputer__strategy": "most_frequent",
  "param_preprocess__num__imputer__strategy": "median",
  "params": {
    "model__l2_regularization": 0.0,
    "model__learning_rate": 0.06,
    "model__max_iter": 250,
    "model__max_leaf_nodes": 31,
    "preprocess__cat__imputer__strategy": "most_frequent",
    "preprocess__num__imputer__strategy": "median"
  },
  "split0_test_score": 0.9386658094025802,
  "split1_test_score": 0.9172705279149624,
  "split2_test_score": 0.9403645910050423,
  "split3_test_score": 0.9379179842748188,
  "split4_test_score": 0.9451905077367835,
  "mean_test_score": 0.9358818840668374,
  "std_test_score": 0.009643896082666767,
  "rank_test_score": 1,
  "split0_train_score": 0.9835037880081817,
  "split1_train_score": 0.9828658997159366,
  "split2_train_score": 0.989904501630031,
  "split3_train_score": 0.9827670053942552,
  "split4_train_score": 0.9816835195285457,
  "mean_train_score": 0.9841449428553901,
  "std_train_score": 0.0029386005039799784,
  "param_model__l2_regularization": 0.0,
  "param_model__learning_rate": 0.06,
  "param_model__max_iter": 250.0,
  "param_model__max_leaf_nodes": 31.0,
  "param_model__max_depth": NaN,
  "param_model__max_features": NaN,
  "param_model__min_samples_leaf": NaN,
  "param_model__n_estimators": NaN,
  "excluded_failure_mode_flags": "TWF,HDF,PWF,OSF,RNF",
  "best_oof_auc": 0.9359521794021177
}